v_branch[1], 0.0
v_branch[2], 0.0
v_branch[3], 0.0
v_branch[4], 1.0
v_branch[5], 0.0
v_branch[6], 0.0
v_branch[7], 1.0
v_branch[8], 0.0
v_branch[9], 0.0
v_branch[10], 0.0
v_branch[11], 0.0
v_branch[12], 1.0
v_branch[13], 1.0
v_branch[14], 1.0
v_branch[15], 0.0
v_branch[16], 0.0
v_branch[17], 0.0
v_branch[18], 0.0
v_branch[19], 0.0
v_branch[20], 1.0
γ_branch[1,1], 0.0
γ_branch[2,1], 0.0
γ_branch[3,1], 0.0
γ_branch[4,1], 0.0
γ_branch[5,1], 0.0
γ_branch[6,1], 0.0
γ_branch[7,1], 0.0
γ_branch[8,1], 0.0
γ_branch[9,1], 0.0
γ_branch[10,1], 0.0
γ_branch[11,1], 0.0
γ_branch[12,1], 0.0
γ_branch[13,1], 0.0
γ_branch[14,1], 0.0
γ_branch[15,1], 0.0
γ_branch[16,1], 0.0
γ_branch[17,1], 0.0
γ_branch[18,1], 0.0
γ_branch[19,1], 0.0
γ_branch[1,2], 0.0
γ_branch[2,2], 0.0
γ_branch[3,2], 0.0
γ_branch[4,2], 0.0
γ_branch[5,2], 0.0
γ_branch[6,2], 0.0
γ_branch[7,2], 0.0
γ_branch[8,2], 0.0
γ_branch[9,2], 0.0
γ_branch[10,2], 0.0
γ_branch[11,2], 0.0
γ_branch[12,2], 0.0
γ_branch[13,2], 0.0
γ_branch[14,2], 0.0
γ_branch[15,2], 0.0
γ_branch[16,2], 0.0
γ_branch[17,2], 0.0
γ_branch[18,2], 0.0
γ_branch[19,2], 0.0
γ_branch[1,3], 0.0
γ_branch[2,3], 0.0
γ_branch[3,3], 0.0
γ_branch[4,3], 0.0
γ_branch[5,3], 0.0
γ_branch[6,3], 0.0
γ_branch[7,3], 0.0
γ_branch[8,3], 0.0
γ_branch[9,3], 0.0
γ_branch[10,3], 0.0
γ_branch[11,3], 0.0
γ_branch[12,3], 0.0
γ_branch[13,3], 0.0
γ_branch[14,3], 0.0
γ_branch[15,3], 0.0
γ_branch[16,3], 0.0
γ_branch[17,3], 0.0
γ_branch[18,3], 0.0
γ_branch[19,3], 0.0
γ_branch[1,4], -0.018767482269440007
γ_branch[2,4], -0.33587667500914425
γ_branch[3,4], -0.14535802181203988
γ_branch[4,4], 4.900352037044088
γ_branch[5,4], -0.2677750699358038
γ_branch[6,4], -0.1350612275222333
γ_branch[7,4], -0.09964796295591241
γ_branch[8,4], -0.2207211084583568
γ_branch[9,4], -0.15805399166666603
γ_branch[10,4], -0.11249749418680877
γ_branch[11,4], -0.09964796295591238
γ_branch[12,4], -0.09964796295591241
γ_branch[13,4], -0.09964796295591336
γ_branch[14,4], -0.1523234748483332
γ_branch[15,4], -0.08506764333333328
γ_branch[16,4], -0.3299708891615225
γ_branch[17,4], -0.15232347484832015
γ_branch[18,4], -0.09964796295591252
γ_branch[19,4], -0.09964796295591276
γ_branch[1,5], 0.0
γ_branch[2,5], 0.0
γ_branch[3,5], 0.0
γ_branch[4,5], 0.0
γ_branch[5,5], 0.0
γ_branch[6,5], 0.0
γ_branch[7,5], 0.0
γ_branch[8,5], 0.0
γ_branch[9,5], 0.0
γ_branch[10,5], 0.0
γ_branch[11,5], 0.0
γ_branch[12,5], 0.0
γ_branch[13,5], 0.0
γ_branch[14,5], 0.0
γ_branch[15,5], 0.0
γ_branch[16,5], 0.0
γ_branch[17,5], 0.0
γ_branch[18,5], 0.0
γ_branch[19,5], 0.0
γ_branch[1,6], 0.0
γ_branch[2,6], 0.0
γ_branch[3,6], 0.0
γ_branch[4,6], 0.0
γ_branch[5,6], 0.0
γ_branch[6,6], 0.0
γ_branch[7,6], 0.0
γ_branch[8,6], 0.0
γ_branch[9,6], 0.0
γ_branch[10,6], 0.0
γ_branch[11,6], 0.0
γ_branch[12,6], 0.0
γ_branch[13,6], 0.0
γ_branch[14,6], 0.0
γ_branch[15,6], 0.0
γ_branch[16,6], 0.0
γ_branch[17,6], 0.0
γ_branch[18,6], 0.0
γ_branch[19,6], 0.0
γ_branch[1,7], 0.11225104333333147
γ_branch[2,7], -0.028674370558669445
γ_branch[3,7], -0.021461659576157633
γ_branch[4,7], -0.05099095447223755
γ_branch[5,7], -0.03510794576237006
γ_branch[6,7], -0.028113523141351605
γ_branch[7,7], -5.0
γ_branch[8,7], -0.2953542666666652
γ_branch[9,7], -0.06241720956006435
γ_branch[10,7], -0.04268998950984811
γ_branch[11,7], -0.05099095447223876
γ_branch[12,7], -0.050990954472238864
γ_branch[13,7], -0.05099095447224085
γ_branch[14,7], -0.15730654166666774
γ_branch[15,7], -0.048138535724602804
γ_branch[16,7], 1.7231460103131375
γ_branch[17,7], -0.15730654166664298
γ_branch[18,7], -0.05099095447223878
γ_branch[19,7], -0.050990954472238045
γ_branch[1,8], 0.0
γ_branch[2,8], 0.0
γ_branch[3,8], 0.0
γ_branch[4,8], 0.0
γ_branch[5,8], 0.0
γ_branch[6,8], 0.0
γ_branch[7,8], 0.0
γ_branch[8,8], 0.0
γ_branch[9,8], 0.0
γ_branch[10,8], 0.0
γ_branch[11,8], 0.0
γ_branch[12,8], 0.0
γ_branch[13,8], 0.0
γ_branch[14,8], 0.0
γ_branch[15,8], 0.0
γ_branch[16,8], 0.0
γ_branch[17,8], 0.0
γ_branch[18,8], 0.0
γ_branch[19,8], 0.0
γ_branch[1,9], 0.0
γ_branch[2,9], 0.0
γ_branch[3,9], 0.0
γ_branch[4,9], 0.0
γ_branch[5,9], 0.0
γ_branch[6,9], 0.0
γ_branch[7,9], 0.0
γ_branch[8,9], 0.0
γ_branch[9,9], 0.0
γ_branch[10,9], 0.0
γ_branch[11,9], 0.0
γ_branch[12,9], 0.0
γ_branch[13,9], 0.0
γ_branch[14,9], 0.0
γ_branch[15,9], 0.0
γ_branch[16,9], 0.0
γ_branch[17,9], 0.0
γ_branch[18,9], 0.0
γ_branch[19,9], 0.0
γ_branch[1,10], 0.0
γ_branch[2,10], 0.0
γ_branch[3,10], 0.0
γ_branch[4,10], 0.0
γ_branch[5,10], 0.0
γ_branch[6,10], 0.0
γ_branch[7,10], 0.0
γ_branch[8,10], 0.0
γ_branch[9,10], 0.0
γ_branch[10,10], 0.0
γ_branch[11,10], 0.0
γ_branch[12,10], 0.0
γ_branch[13,10], 0.0
γ_branch[14,10], 0.0
γ_branch[15,10], 0.0
γ_branch[16,10], 0.0
γ_branch[17,10], 0.0
γ_branch[18,10], 0.0
γ_branch[19,10], 0.0
γ_branch[1,11], 0.0
γ_branch[2,11], 0.0
γ_branch[3,11], 0.0
γ_branch[4,11], 0.0
γ_branch[5,11], 0.0
γ_branch[6,11], 0.0
γ_branch[7,11], 0.0
γ_branch[8,11], 0.0
γ_branch[9,11], 0.0
γ_branch[10,11], 0.0
γ_branch[11,11], 0.0
γ_branch[12,11], 0.0
γ_branch[13,11], 0.0
γ_branch[14,11], 0.0
γ_branch[15,11], 0.0
γ_branch[16,11], 0.0
γ_branch[17,11], 0.0
γ_branch[18,11], 0.0
γ_branch[19,11], 0.0
γ_branch[1,12], -0.06596644833332777
γ_branch[2,12], 0.022081349325982914
γ_branch[3,12], 0.01757497038677505
γ_branch[4,12], 0.03602437074848344
γ_branch[5,12], 0.026100937504713224
γ_branch[6,12], 0.021730941414789227
γ_branch[7,12], 0.03602437074847956
γ_branch[8,12], -0.9882700386825805
γ_branch[9,12], 0.04316330025872382
γ_branch[10,12], 0.03083806926317475
γ_branch[11,12], -4.963975629251519
γ_branch[12,12], 0.03602437074848038
γ_branch[13,12], 0.036024370748451585
γ_branch[14,12], 0.10244853833332067
γ_branch[15,12], 0.034242228111464046
γ_branch[16,12], 0.3264630983333545
γ_branch[17,12], 0.10244853833331445
γ_branch[18,12], 0.03602437074848114
γ_branch[19,12], 0.036024370748479535
γ_branch[1,13], 0.36691589666666197
γ_branch[2,13], 0.13794268511533692
γ_branch[3,13], 0.1496617750370673
γ_branch[4,13], 0.10168307977928062
γ_branch[5,13], 0.12748952173291644
γ_branch[6,13], 0.1388539404438586
γ_branch[7,13], 0.1016830797792804
γ_branch[8,13], 0.8816141770159165
γ_branch[9,13], 0.08311789518121133
γ_branch[10,13], 0.11517034622697922
γ_branch[11,13], 0.10168307977928054
γ_branch[12,13], -4.8983169202207195
γ_branch[13,13], 0.10168307977928663
γ_branch[14,13], -0.07105667499999752
γ_branch[15,13], 0.10631764116390945
γ_branch[16,13], 1.5853813169797653
γ_branch[17,13], -0.07105667499995978
γ_branch[18,13], 0.10168307977928075
γ_branch[19,13], 0.10168307977928177
γ_branch[1,14], -0.3048223383333424
γ_branch[2,14], -0.1454604187154759
γ_branch[3,14], -0.15361672946225796
γ_branch[4,14], -0.12022427745777074
γ_branch[5,14], -0.13818517384549575
γ_branch[6,14], -0.14609463875122508
γ_branch[7,14], -0.12022427745777056
γ_branch[8,14], 0.15610775833333115
γ_branch[9,14], -0.10730318753828427
γ_branch[10,14], -0.1296112125360737
γ_branch[11,14], -0.12022427745777069
γ_branch[12,14], -0.12022427745777066
γ_branch[13,14], -5.0
γ_branch[14,14], -0.512065784653739
γ_branch[15,14], -0.12344986264232523
γ_branch[16,14], 0.40545466499999405
γ_branch[17,14], -0.5120657846535935
γ_branch[18,14], -0.12022427745777077
γ_branch[19,14], -0.1202242774577707
γ_branch[1,15], 0.0
γ_branch[2,15], 0.0
γ_branch[3,15], 0.0
γ_branch[4,15], 0.0
γ_branch[5,15], 0.0
γ_branch[6,15], 0.0
γ_branch[7,15], 0.0
γ_branch[8,15], 0.0
γ_branch[9,15], 0.0
γ_branch[10,15], 0.0
γ_branch[11,15], 0.0
γ_branch[12,15], 0.0
γ_branch[13,15], 0.0
γ_branch[14,15], 0.0
γ_branch[15,15], 0.0
γ_branch[16,15], 0.0
γ_branch[17,15], 0.0
γ_branch[18,15], 0.0
γ_branch[19,15], 0.0
γ_branch[1,16], 0.0
γ_branch[2,16], 0.0
γ_branch[3,16], 0.0
γ_branch[4,16], 0.0
γ_branch[5,16], 0.0
γ_branch[6,16], 0.0
γ_branch[7,16], 0.0
γ_branch[8,16], 0.0
γ_branch[9,16], 0.0
γ_branch[10,16], 0.0
γ_branch[11,16], 0.0
γ_branch[12,16], 0.0
γ_branch[13,16], 0.0
γ_branch[14,16], 0.0
γ_branch[15,16], 0.0
γ_branch[16,16], 0.0
γ_branch[17,16], 0.0
γ_branch[18,16], 0.0
γ_branch[19,16], 0.0
γ_branch[1,17], 0.0
γ_branch[2,17], 0.0
γ_branch[3,17], 0.0
γ_branch[4,17], 0.0
γ_branch[5,17], 0.0
γ_branch[6,17], 0.0
γ_branch[7,17], 0.0
γ_branch[8,17], 0.0
γ_branch[9,17], 0.0
γ_branch[10,17], 0.0
γ_branch[11,17], 0.0
γ_branch[12,17], 0.0
γ_branch[13,17], 0.0
γ_branch[14,17], 0.0
γ_branch[15,17], 0.0
γ_branch[16,17], 0.0
γ_branch[17,17], 0.0
γ_branch[18,17], 0.0
γ_branch[19,17], 0.0
γ_branch[1,18], 0.0
γ_branch[2,18], 0.0
γ_branch[3,18], 0.0
γ_branch[4,18], 0.0
γ_branch[5,18], 0.0
γ_branch[6,18], 0.0
γ_branch[7,18], 0.0
γ_branch[8,18], 0.0
γ_branch[9,18], 0.0
γ_branch[10,18], 0.0
γ_branch[11,18], 0.0
γ_branch[12,18], 0.0
γ_branch[13,18], 0.0
γ_branch[14,18], 0.0
γ_branch[15,18], 0.0
γ_branch[16,18], 0.0
γ_branch[17,18], 0.0
γ_branch[18,18], 0.0
γ_branch[19,18], 0.0
γ_branch[1,19], 0.0
γ_branch[2,19], 0.0
γ_branch[3,19], 0.0
γ_branch[4,19], 0.0
γ_branch[5,19], 0.0
γ_branch[6,19], 0.0
γ_branch[7,19], 0.0
γ_branch[8,19], 0.0
γ_branch[9,19], 0.0
γ_branch[10,19], 0.0
γ_branch[11,19], 0.0
γ_branch[12,19], 0.0
γ_branch[13,19], 0.0
γ_branch[14,19], 0.0
γ_branch[15,19], 0.0
γ_branch[16,19], 0.0
γ_branch[17,19], 0.0
γ_branch[18,19], 0.0
γ_branch[19,19], 0.0
γ_branch[1,20], -5.0
γ_branch[2,20], -5.0
γ_branch[3,20], -5.0
γ_branch[4,20], -5.0
γ_branch[5,20], -5.0
γ_branch[6,20], -5.0
γ_branch[7,20], -5.0
γ_branch[8,20], -5.0
γ_branch[9,20], -5.0
γ_branch[10,20], -5.0
γ_branch[11,20], -5.0
γ_branch[12,20], -5.0
γ_branch[13,20], -5.0
γ_branch[14,20], -5.0
γ_branch[15,20], -5.0
γ_branch[16,20], -5.0
γ_branch[17,20], -5.0
γ_branch[18,20], -5.0
γ_branch[19,20], -5.0
β[1], -0.7862501059405851
β[2], -0.3503013483424811
β[3], -0.20518689361168863
β[4], -5.0
β[5], -0.24931411493580505
β[6], 0.15896583664184408
β[7], 4.949009045527761
β[8], -1.1769684436825816
β[9], -0.17935686659181213
β[10], 0.057679982559912656
β[11], 5.0
β[12], 5.0
β[13], 4.879775722542233
β[14], -0.5120657846537366
β[15], -0.04477415258558327
β[16], -2.2390003569797896
β[17], -0.5120657846536446
β[18], -5.0
gen[1,1], 0.0
gen[2,1], 0.0
gen[3,1], 0.0
gen[4,1], 0.0
gen[5,1], 0.0
gen[6,1], 0.0
gen[7,1], 0.0
gen[8,1], 0.0
gen[9,1], 0.0
gen[10,1], 0.0
gen[11,1], 0.0
gen[12,1], 0.0
gen[13,1], 0.0
gen[14,1], 0.0
gen[15,1], 0.0
gen[16,1], 0.0
gen[17,1], 0.0
gen[18,1], 0.0
gen[19,1], 0.0
gen[1,2], 0.0
gen[2,2], 0.0
gen[3,2], 0.0
gen[4,2], 0.0
gen[5,2], 0.0
gen[6,2], 0.0
gen[7,2], 0.0
gen[8,2], 0.0
gen[9,2], 0.0
gen[10,2], 0.0
gen[11,2], 0.0
gen[12,2], 0.0
gen[13,2], 0.0
gen[14,2], 0.0
gen[15,2], 0.0
gen[16,2], 0.0
gen[17,2], 0.0
gen[18,2], 0.0
gen[19,2], 0.0
gen[1,3], 0.0
gen[2,3], 0.0
gen[3,3], 0.0
gen[4,3], 0.0
gen[5,3], 0.0
gen[6,3], 0.0
gen[7,3], 0.0
gen[8,3], 0.0
gen[9,3], 0.0
gen[10,3], 0.0
gen[11,3], 0.0
gen[12,3], 0.0
gen[13,3], 0.0
gen[14,3], 0.0
gen[15,3], 0.0
gen[16,3], 0.0
gen[17,3], 0.0
gen[18,3], 0.0
gen[19,3], 0.0
gen[1,4], 0.0
gen[2,4], 0.0
gen[3,4], 0.0
gen[4,4], 0.0
gen[5,4], 0.0
gen[6,4], 0.0
gen[7,4], 0.0
gen[8,4], 0.0
gen[9,4], 0.0
gen[10,4], 0.0
gen[11,4], 0.0
gen[12,4], 0.0
gen[13,4], 0.0
gen[14,4], 0.0
gen[15,4], 0.0
gen[16,4], 0.0
gen[17,4], 0.0
gen[18,4], 0.0
gen[19,4], 0.0
gen[1,5], 0.0
gen[2,5], 0.0
gen[3,5], 0.0
gen[4,5], 0.0
gen[5,5], 0.0
gen[6,5], 0.0
gen[7,5], 0.0
gen[8,5], 0.0
gen[9,5], 0.0
gen[10,5], 0.0
gen[11,5], 0.0
gen[12,5], 0.0
gen[13,5], 0.0
gen[14,5], 0.0
gen[15,5], 0.0
gen[16,5], 0.0
gen[17,5], 0.0
gen[18,5], 0.0
gen[19,5], 0.0
gen[1,6], 0.17183333333333284
gen[2,6], 0.171833333333333
gen[3,6], 0.17183333333333303
gen[4,6], 0.17183333333333284
gen[5,6], 0.17183333333333284
gen[6,6], 0.17183333333333284
gen[7,6], 0.17183333333333284
gen[8,6], 0.17183333333333303
gen[9,6], 0.17183333333333303
gen[10,6], 0.17183333333333303
gen[11,6], 0.17183333333333303
gen[12,6], 0.17183333333333303
gen[13,6], 0.17183333333333303
gen[14,6], 0.17183333333333303
gen[15,6], 0.17183333333333317
gen[16,6], 0.17183333333333284
gen[17,6], 0.17183333333333303
gen[18,6], 0.17183333333333328
gen[19,6], 0.17183333333333334
gen[1,7], 0.0
gen[2,7], 0.0
gen[3,7], 0.0
gen[4,7], 0.0
gen[5,7], 0.0
gen[6,7], 0.0
gen[7,7], 0.0
gen[8,7], 0.0
gen[9,7], 0.0
gen[10,7], 0.0
gen[11,7], 0.0
gen[12,7], 0.0
gen[13,7], 0.0
gen[14,7], 0.0
gen[15,7], 0.0
gen[16,7], 0.0
gen[17,7], 0.0
gen[18,7], 0.0
gen[19,7], 0.0
gen[1,8], 0.0
gen[2,8], 0.0
gen[3,8], 0.0
gen[4,8], 0.0
gen[5,8], 0.0
gen[6,8], 0.0
gen[7,8], 0.0
gen[8,8], 0.0
gen[9,8], 0.0
gen[10,8], 0.0
gen[11,8], 0.0
gen[12,8], 0.0
gen[13,8], 0.0
gen[14,8], 0.0
gen[15,8], 0.0
gen[16,8], 0.0
gen[17,8], 0.0
gen[18,8], 0.0
gen[19,8], 0.0
gen[1,9], 0.0
gen[2,9], 0.0
gen[3,9], 0.0
gen[4,9], 0.0
gen[5,9], 0.0
gen[6,9], 0.0
gen[7,9], 0.0
gen[8,9], 0.0
gen[9,9], 0.0
gen[10,9], 0.0
gen[11,9], 0.0
gen[12,9], 0.0
gen[13,9], 0.0
gen[14,9], 0.0
gen[15,9], 0.0
gen[16,9], 0.0
gen[17,9], 0.0
gen[18,9], 0.0
gen[19,9], 0.0
gen[1,10], 0.0
gen[2,10], 0.0
gen[3,10], 0.0
gen[4,10], 0.0
gen[5,10], 0.0
gen[6,10], 0.0
gen[7,10], 0.0
gen[8,10], 0.0
gen[9,10], 0.0
gen[10,10], 0.0
gen[11,10], 0.0
gen[12,10], 0.0
gen[13,10], 0.0
gen[14,10], 0.0
gen[15,10], 0.0
gen[16,10], 0.0
gen[17,10], 0.0
gen[18,10], 0.0
gen[19,10], 0.0
gen[1,11], 0.0
gen[2,11], 0.0
gen[3,11], 0.0
gen[4,11], 0.0
gen[5,11], 0.0
gen[6,11], 0.0
gen[7,11], 0.0
gen[8,11], 0.0
gen[9,11], 0.0
gen[10,11], 0.0
gen[11,11], 0.0
gen[12,11], 0.0
gen[13,11], 0.0
gen[14,11], 0.0
gen[15,11], 0.0
gen[16,11], 0.0
gen[17,11], 0.0
gen[18,11], 0.0
gen[19,11], 0.0
gen[1,12], 2.3128333333333293
gen[2,12], 2.3128333333333293
gen[3,12], 2.3128333333333293
gen[4,12], 2.3128333333333293
gen[5,12], 2.3128333333333293
gen[6,12], 2.3128333333333293
gen[7,12], 2.3128333333333293
gen[8,12], 2.3128333333333293
gen[9,12], 2.3128333333333293
gen[10,12], 2.3128333333333293
gen[11,12], 2.3128333333333293
gen[12,12], 2.3128333333333293
gen[13,12], 2.3128333333333293
gen[14,12], 2.3128333333333293
gen[15,12], 2.312833333333331
gen[16,12], 2.3128333333333293
gen[17,12], 2.3128333333333293
gen[18,12], 2.3128333333333315
gen[19,12], 2.3128333333333333
gen[1,13], 0.0
gen[2,13], 0.0
gen[3,13], 0.0
gen[4,13], 0.0
gen[5,13], 0.0
gen[6,13], 0.0
gen[7,13], 0.0
gen[8,13], 0.0
gen[9,13], 0.0
gen[10,13], 0.0
gen[11,13], 0.0
gen[12,13], 0.0
gen[13,13], 0.0
gen[14,13], 0.0
gen[15,13], 0.0
gen[16,13], 0.0
gen[17,13], 0.0
gen[18,13], 0.0
gen[19,13], 0.0
gen[1,14], 0.0
gen[2,14], 0.0
gen[3,14], 0.0
gen[4,14], 0.0
gen[5,14], 0.0
gen[6,14], 0.0
gen[7,14], 0.0
gen[8,14], 0.0
gen[9,14], 0.0
gen[10,14], 0.0
gen[11,14], 0.0
gen[12,14], 0.0
gen[13,14], 0.0
gen[14,14], 0.0
gen[15,14], 0.0
gen[16,14], 0.0
gen[17,14], 0.0
gen[18,14], 0.0
gen[19,14], 0.0
load[1,1], 0.160166666666667
load[2,1], 0.160166666666667
load[3,1], 0.160166666666667
load[4,1], 0.160166666666667
load[5,1], 0.160166666666667
load[6,1], 0.160166666666667
load[7,1], 0.160166666666667
load[8,1], 0.160166666666667
load[9,1], 0.160166666666667
load[10,1], 0.160166666666667
load[11,1], 0.160166666666667
load[12,1], 0.160166666666667
load[13,1], 0.160166666666667
load[14,1], 0.160166666666667
load[15,1], 0.160166666666667
load[16,1], 0.160166666666667
load[17,1], 0.160166666666667
load[18,1], 0.160166666666667
load[19,1], 0.16016666666666668
load[1,2], 0.08716666666666661
load[2,2], 0.08716666666666661
load[3,2], 0.08716666666666661
load[4,2], 0.08716666666666661
load[5,2], 0.08716666666666661
load[6,2], 0.08716666666666661
load[7,2], 0.08716666666666661
load[8,2], 0.08716666666666661
load[9,2], 0.08716666666666661
load[10,2], 0.08716666666666661
load[11,2], 0.08716666666666661
load[12,2], 0.08716666666666661
load[13,2], 0.08716666666666661
load[14,2], 0.08716666666666661
load[15,2], 0.08716666666666661
load[16,2], 0.08716666666666661
load[17,2], 0.08716666666666661
load[18,2], 0.08716666666666661
load[19,2], 0.0871666666666667
load[1,3], 0.1231666666666662
load[2,3], 0.1231666666666662
load[3,3], 0.1231666666666662
load[4,3], 0.1231666666666662
load[5,3], 0.1231666666666662
load[6,3], 0.1231666666666662
load[7,3], 0.1231666666666662
load[8,3], 0.1231666666666662
load[9,3], 0.1231666666666662
load[10,3], 0.1231666666666662
load[11,3], 0.1231666666666662
load[12,3], 0.1231666666666662
load[13,3], 0.1231666666666662
load[14,3], 0.1231666666666662
load[15,3], 0.1231666666666662
load[16,3], 0.1231666666666662
load[17,3], 0.1231666666666662
load[18,3], 0.1231666666666662
load[19,3], 0.12316666666666669
load[1,4], 0.07216666666666605
load[2,4], 0.07216666666666605
load[3,4], 0.07216666666666605
load[4,4], 0.07216666666666605
load[5,4], 0.07216666666666605
load[6,4], 0.07216666666666605
load[7,4], 0.07216666666666605
load[8,4], 0.07216666666666605
load[9,4], 0.07216666666666605
load[10,4], 0.07216666666666605
load[11,4], 0.07216666666666605
load[12,4], 0.07216666666666605
load[13,4], 0.07216666666666605
load[14,4], 0.07216666666666605
load[15,4], 0.07216666666666605
load[16,4], 0.07216666666666605
load[17,4], 0.07216666666666605
load[18,4], 0.07216666666666605
load[19,4], 0.0721666666666667
load[1,5], 0.10116666666666596
load[2,5], 0.10116666666666596
load[3,5], 0.10116666666666596
load[4,5], 0.10116666666666596
load[5,5], 0.10116666666666596
load[6,5], 0.10116666666666596
load[7,5], 0.10116666666666596
load[8,5], 0.10116666666666596
load[9,5], 0.10116666666666596
load[10,5], 0.10116666666666596
load[11,5], 0.10116666666666596
load[12,5], 0.10116666666666596
load[13,5], 0.10116666666666596
load[14,5], 0.10116666666666596
load[15,5], 0.10116666666666596
load[16,5], 0.10116666666666596
load[17,5], 0.10116666666666596
load[18,5], 0.10116666666666596
load[19,5], 0.1011666666666667
load[1,6], 0.0
load[2,6], 0.0
load[3,6], 0.0
load[4,6], 0.0
load[5,6], 0.0
load[6,6], 0.0
load[7,6], 0.0
load[8,6], 0.0
load[9,6], 0.0
load[10,6], 0.0
load[11,6], 0.0
load[12,6], 0.0
load[13,6], 0.0
load[14,6], 0.0
load[15,6], 0.0
load[16,6], 0.0
load[17,6], 0.0
load[18,6], 0.0
load[19,6], 0.0
load[1,7], 0.046166666666666245
load[2,7], 0.046166666666666245
load[3,7], 0.046166666666666245
load[4,7], 0.046166666666666245
load[5,7], 0.046166666666666245
load[6,7], 0.046166666666666245
load[7,7], 0.046166666666666245
load[8,7], 0.046166666666666245
load[9,7], 0.046166666666666245
load[10,7], 0.046166666666666245
load[11,7], 0.046166666666666245
load[12,7], 0.046166666666666245
load[13,7], 0.046166666666666245
load[14,7], 0.046166666666666245
load[15,7], 0.046166666666666245
load[16,7], 0.046166666666666245
load[17,7], 0.046166666666666245
load[18,7], 0.046166666666666245
load[19,7], 0.046166666666666696
load[1,8], 0.30616666666666603
load[2,8], 0.30616666666666603
load[3,8], 0.30616666666666603
load[4,8], 0.30616666666666603
load[5,8], 0.30616666666666603
load[6,8], 0.30616666666666603
load[7,8], 0.30616666666666603
load[8,8], 0.30616666666666603
load[9,8], 0.30616666666666603
load[10,8], 0.30616666666666603
load[11,8], 0.30616666666666603
load[12,8], 0.30616666666666603
load[13,8], 0.30616666666666603
load[14,8], 0.30616666666666603
load[15,8], 0.30616666666666603
load[16,8], 0.30616666666666603
load[17,8], 0.30616666666666603
load[18,8], 0.30616666666666603
load[19,8], 0.3061666666666667
load[1,9], 0.9531666666666663
load[2,9], 0.9531666666666663
load[3,9], 0.9531666666666663
load[4,9], 0.9531666666666663
load[5,9], 0.9531666666666663
load[6,9], 0.9531666666666663
load[7,9], 0.9531666666666663
load[8,9], 0.9531666666666663
load[9,9], 0.9531666666666663
load[10,9], 0.9531666666666663
load[11,9], 0.9531666666666663
load[12,9], 0.9531666666666663
load[13,9], 0.9531666666666663
load[14,9], 0.9531666666666663
load[15,9], 0.9531666666666663
load[16,9], 0.9531666666666663
load[17,9], 0.9531666666666663
load[18,9], 0.9531666666666663
load[19,9], 0.9531666666666667
load[1,10], 0.48916666666666586
load[2,10], 0.48916666666666586
load[3,10], 0.48916666666666586
load[4,10], 0.48916666666666586
load[5,10], 0.48916666666666586
load[6,10], 0.48916666666666586
load[7,10], 0.48916666666666586
load[8,10], 0.48916666666666586
load[9,10], 0.48916666666666586
load[10,10], 0.48916666666666586
load[11,10], 0.48916666666666586
load[12,10], 0.48916666666666586
load[13,10], 0.48916666666666586
load[14,10], 0.48916666666666586
load[15,10], 0.48916666666666586
load[16,10], 0.48916666666666586
load[17,10], 0.48916666666666586
load[18,10], 0.48916666666666586
load[19,10], 0.4891666666666667
load[1,11], 0.1461666666666659
load[2,11], 0.1461666666666659
load[3,11], 0.1461666666666659
load[4,11], 0.1461666666666659
load[5,11], 0.1461666666666659
load[6,11], 0.1461666666666659
load[7,11], 0.1461666666666659
load[8,11], 0.1461666666666659
load[9,11], 0.1461666666666659
load[10,11], 0.1461666666666659
load[11,11], 0.1461666666666659
load[12,11], 0.1461666666666659
load[13,11], 0.1461666666666659
load[14,11], 0.1461666666666659
load[15,11], 0.1461666666666659
load[16,11], 0.1461666666666659
load[17,11], 0.1461666666666659
load[18,11], 0.1461666666666659
load[19,11], 0.1461666666666667
load[1,12], 0.0
load[2,12], 0.0
load[3,12], 0.0
load[4,12], 0.0
load[5,12], 0.0
load[6,12], 0.0
load[7,12], 0.0
load[8,12], 0.0
load[9,12], 0.0
load[10,12], 0.0
load[11,12], 0.0
load[12,12], 0.0
load[13,12], 0.0
load[14,12], 0.0
load[15,12], 0.0
load[16,12], 0.0
load[17,12], 0.0
load[18,12], 0.0
load[19,12], 0.0
load[1,13], 0.0
load[2,13], 0.0
load[3,13], 0.0
load[4,13], 0.0
load[5,13], 0.0
load[6,13], 0.0
load[7,13], 0.0
load[8,13], 0.0
load[9,13], 0.0
load[10,13], 0.0
load[11,13], 0.0
load[12,13], 0.0
load[13,13], 0.0
load[14,13], 0.0
load[15,13], 0.0
load[16,13], 0.0
load[17,13], 0.0
load[18,13], 0.0
load[19,13], 0.0
load[1,14], 0.0
load[2,14], 0.0
load[3,14], 0.0
load[4,14], 0.0
load[5,14], 0.0
load[6,14], 0.0
load[7,14], 0.0
load[8,14], 0.0
load[9,14], 0.0
load[10,14], 0.0
load[11,14], 0.0
load[12,14], 0.0
load[13,14], 0.0
load[14,14], 0.0
load[15,14], 0.0
load[16,14], 0.0
load[17,14], 0.0
load[18,14], 0.0
load[19,14], 0.0
flows[1,1], 0.0
flows[2,1], 0.49936364371214265
flows[3,1], 0.4738056869334568
flows[4,1], 0.5784415782770691
flows[5,1], 0.5221607636005265
flows[6,1], 0.49737630301791136
flows[7,1], 0.5784415782770687
flows[8,1], 1.4443333333333157
flows[9,1], 0.6189300623415144
flows[10,1], 0.5490274364593063
flows[11,1], 0.5784415782770691
flows[12,1], 0.5784415782770689
flows[13,1], 0.5784415782770744
flows[14,1], 0.9551666666666634
flows[15,1], 0.5683341449910909
flows[16,1], 2.225666666666631
flows[17,1], 0.9551666666665701
flows[18,1], 0.5784415782770697
flows[19,1], 0.5784415782770718
flows[1,2], 0.0728393328858943
flows[2,2], 0.0
flows[3,2], 0.350639020266788
flows[4,2], 0.2503294702302981
flows[5,2], 0.07216666666666782
flows[6,2], 0.3280429696845814
flows[7,2], 0.2503294702303
flows[8,2], 0.5160213781116305
flows[9,2], 0.37849999999999806
flows[10,2], 0.27852743645930894
flows[11,2], 0.25032947023030006
flows[12,2], 0.2503294702303002
flows[13,2], 0.2503294702303024
flows[14,2], 0.3659245280380603
flows[15,2], 0.21833333333333263
flows[16,2], 0.7557672156396985
flows[17,2], 0.36592452803803177
flows[18,2], 0.25032947023030055
flows[19,2], 0.2503294702303013
flows[1,3], -0.1960059995525596
flows[2,3], 0.3761969770454738
flows[3,3], 0.0
flows[4,3], 0.204945441380102
flows[5,3], 0.32682743026718875
flows[6,3], 0.046166666666666266
flows[7,3], 0.2049454413801022
flows[8,3], 0.8051452885550212
flows[9,3], 0.11726339567484909
flows[10,3], 0.14733333333333168
flows[11,3], 0.20494544138010237
flows[12,3], 0.20494544138010282
flows[13,3], 0.20494544138010728
flows[14,3], 0.4660754719619362
flows[15,3], 0.22683414499109225
flows[16,3], 1.346732784360273
flows[17,3], 0.46607547196187327
flows[18,3], 0.20494544138010284
flows[19,3], 0.2049454413801036
flows[1,4], 0.0
flows[2,4], 0.0
flows[3,4], 0.0
flows[4,4], 0.0
flows[5,4], 0.0
flows[6,4], 0.0
flows[7,4], 0.0
flows[8,4], 0.0
flows[9,4], 0.0
flows[10,4], 0.0
flows[11,4], 0.0
flows[12,4], 0.0
flows[13,4], 0.0
flows[14,4], 0.0
flows[15,4], 0.0
flows[16,4], 0.0
flows[17,4], 0.0
flows[18,4], 0.0
flows[19,4], 0.0
flows[1,5], 0.0006726662192285982
flows[2,5], -0.07216666666667138
flows[3,5], 0.2784723536001218
flows[4,5], 0.17816280356363448
flows[5,5], 0.0
flows[6,5], 0.2558763030179151
flows[7,5], 0.1781628035636448
flows[8,5], 0.4438547114449698
flows[9,5], 0.3063333333333326
flows[10,5], 0.20636076979264228
flows[11,5], 0.17816280356363487
flows[12,5], 0.17816280356364222
flows[13,5], 0.1781628035636366
flows[14,5], 0.2937578613714123
flows[15,5], 0.1461666666666668
flows[16,5], 0.6836005489730297
flows[17,5], 0.29375786137138477
flows[18,5], 0.17816280356363495
flows[19,5], 0.17816280356363545
flows[1,6], 0.24217266621922617
flows[2,6], -0.33003031037881686
flows[3,6], 0.046166666666665905
flows[4,6], -0.15877877471343665
flows[5,6], -0.2806607636005237
flows[6,6], 0.0
flows[7,6], -0.15877877471343615
flows[8,6], -0.7589786218883531
flows[9,6], -0.07109672900818315
flows[10,6], -0.10116666666666563
flows[11,6], -0.15877877471343593
flows[12,6], -0.15877877471343663
flows[13,6], -0.15877877471344132
flows[14,6], -0.4199088052952704
flows[15,6], -0.18066747832442603
flows[16,6], -1.3005661176936452
flows[17,6], -0.4199088052952072
flows[18,6], -0.1587787747134407
flows[19,6], -0.15877877471343727
flows[1,7], 0.0
flows[2,7], 0.0
flows[3,7], 0.0
flows[4,7], 0.0
flows[5,7], 0.0
flows[6,7], 0.0
flows[7,7], 0.0
flows[8,7], 0.0
flows[9,7], 0.0
flows[10,7], 0.0
flows[11,7], 0.0
flows[12,7], 0.0
flows[13,7], 0.0
flows[14,7], 0.0
flows[15,7], 0.0
flows[16,7], 0.0
flows[17,7], 0.0
flows[18,7], 0.0
flows[19,7], 0.0
flows[1,8], 0.9531666666666725
flows[2,8], 0.9531666666666672
flows[3,8], 0.9531666666666672
flows[4,8], 0.9531666666666716
flows[5,8], 0.9531666666666672
flows[6,8], 0.9531666666666707
flows[7,8], 0.9531666666666643
flows[8,8], 0.9531666666666672
flows[9,8], 0.9531666666666636
flows[10,8], 0.9531666666666716
flows[11,8], 0.9531666666666663
flows[12,8], 0.9531666666666645
flows[13,8], 0.9531666666666084
flows[14,8], 0.9531666666666417
flows[15,8], 0.953166666666605
flows[16,8], 0.9531666666666663
flows[17,8], 0.9531666666666601
flows[18,8], 0.9531666666666672
flows[19,8], 0.9531666666666654
flows[1,9], 1.4443333333332453
flows[2,9], 0.944969689621214
flows[3,9], 0.9705276463998709
flows[4,9], 0.8658917550562416
flows[5,9], 0.9221725697327919
flows[6,9], 0.946957030315409
flows[7,9], 0.865891755056259
flows[8,9], 0.0
flows[9,9], 0.8254032709918091
flows[10,9], 0.8953058968740165
flows[11,9], 0.8658917550562574
flows[12,9], 0.8658917550562576
flows[13,9], 0.8658917550563086
flows[14,9], 0.4891666666666576
flows[15,9], 0.8759991883422985
flows[16,9], -0.7813333333334449
flows[17,9], 0.48916666666673575
flows[18,9], 0.8658917550562583
flows[19,9], 0.8658917550562516
flows[1,10], 0.3056606671141042
flows[2,10], 0.3785000000000006
flows[3,10], 0.027860979733210216
flows[4,10], 0.12817052976969848
flows[5,10], 0.30633333333332846
flows[6,10], 0.050457030315419926
flows[7,10], 0.12817052976969848
flows[8,10], -0.13752137811163268
flows[9,10], 0.0
flows[10,10], 0.0999725635406904
flows[11,10], 0.12817052976969837
flows[12,10], 0.1281705297696986
flows[13,10], 0.12817052976969648
flows[14,10], 0.012575471961928564
flows[15,10], 0.16016666666666754
flows[16,10], -0.37726721563970234
flows[17,10], 0.012575471961953579
flows[18,10], 0.12817052976969856
flows[19,10], 0.12817052976969806
flows[1,11], 0.34333933288589125
flows[2,11], -0.2288636437121452
flows[3,11], 0.1473333333333316
flows[4,11], -0.057612108046771075
flows[5,11], -0.17949409693385932
flows[6,11], 0.1011666666666654
flows[7,11], -0.05761210804676771
flows[8,11], -0.6578119552216972
flows[9,11], 0.030069937658482433
flows[10,11], 0.0
flows[11,11], -0.05761210804677051
flows[12,11], -0.05761210804677078
flows[13,11], -0.05761210804677567
flows[14,11], -0.3187421386286049
flows[15,11], -0.07950081165776125
flows[16,11], -1.1993994510269537
flows[17,11], -0.318742138628541
flows[18,11], -0.05761210804677226
flows[19,11], -0.05761210804677084
flows[1,12], 0.0
flows[2,12], 0.0
flows[3,12], 0.0
flows[4,12], 0.0
flows[5,12], 0.0
flows[6,12], 0.0
flows[7,12], 0.0
flows[8,12], 0.0
flows[9,12], 0.0
flows[10,12], 0.0
flows[11,12], 0.0
flows[12,12], 0.0
flows[13,12], 0.0
flows[14,12], 0.0
flows[15,12], 0.0
flows[16,12], 0.0
flows[17,12], 0.0
flows[18,12], 0.0
flows[19,12], 0.0
flows[1,13], 0.0
flows[2,13], 0.0
flows[3,13], 0.0
flows[4,13], 0.0
flows[5,13], 0.0
flows[6,13], 0.0
flows[7,13], 0.0
flows[8,13], 0.0
flows[9,13], 0.0
flows[10,13], 0.0
flows[11,13], 0.0
flows[12,13], 0.0
flows[13,13], 0.0
flows[14,13], 0.0
flows[15,13], 0.0
flows[16,13], 0.0
flows[17,13], 0.0
flows[18,13], 0.0
flows[19,13], 0.0
flows[1,14], 0.0
flows[2,14], 0.0
flows[3,14], 0.0
flows[4,14], 0.0
flows[5,14], 0.0
flows[6,14], 0.0
flows[7,14], 0.0
flows[8,14], 0.0
flows[9,14], 0.0
flows[10,14], 0.0
flows[11,14], 0.0
flows[12,14], 0.0
flows[13,14], 0.0
flows[14,14], 0.0
flows[15,14], 0.0
flows[16,14], 0.0
flows[17,14], 0.0
flows[18,14], 0.0
flows[19,14], 0.0
flows[1,15], 0.9551666666666594
flows[2,15], 0.4558030229545197
flows[3,15], 0.48136097973320585
flows[4,15], 0.37672508838959246
flows[5,15], 0.4330059030661351
flows[6,15], 0.4577903636487492
flows[7,15], 0.37672508838959257
flows[8,15], -0.4891666666666581
flows[9,15], 0.3362366043251475
flows[10,15], 0.40613923020735576
flows[11,15], 0.37672508838959246
flows[12,15], 0.37672508838959257
flows[13,15], 0.37672508838958646
flows[14,15], 0.0
flows[15,15], 0.38683252167557286
flows[16,15], -1.2704999999999778
flows[17,15], 0.0
flows[18,15], 0.37672508838959307
flows[19,15], 0.37672508838959234
flows[1,16], -0.14549400044743743
flows[2,16], -0.21833333333333368
flows[3,16], 0.13230568693345676
flows[4,16], 0.03199613689696848
flows[5,16], -0.1461666666666615
flows[6,16], 0.10970963635124707
flows[7,16], 0.03199613689696853
flows[8,16], 0.29768804477830074
flows[9,16], 0.16016666666666685
flows[10,16], 0.06019410312597653
flows[11,16], 0.03199613689696876
flows[12,16], 0.03199613689696844
flows[13,16], 0.03199613689697048
flows[14,16], 0.1475911947047384
flows[15,16], 0.0
flows[16,16], 0.5374338823063698
flows[17,16], 0.1475911947047135
flows[18,16], 0.03199613689696859
flows[19,16], 0.03199613689696851
flows[1,17], 0.08716666666669415
flows[2,17], 0.5865303103788095
flows[3,17], 0.5609723536001232
flows[4,17], 0.665608244943735
flows[5,17], 0.6093274302671934
flows[6,17], 0.5845429696845839
flows[7,17], 0.6656082449437368
flows[8,17], 1.5314999999999928
flows[9,17], 0.7060967290081808
flows[10,17], 0.6361941031259732
flows[11,17], 0.6656082449437363
flows[12,17], 0.665608244943737
flows[13,17], 0.665608244943744
flows[14,17], 1.042333333333345
flows[15,17], 0.6555008116577595
flows[16,17], 2.3128333333333293
flows[17,17], 1.042333333333255
flows[18,17], 0.6656082449437375
flows[19,17], 0.6656082449437384
flows[1,18], 2.225666666666635
flows[2,18], 1.726303022954489
flows[3,18], 1.7518609797332063
flows[4,18], 1.6472250883896027
flows[5,18], 1.703505903066145
flows[6,18], 1.728290363648747
flows[7,18], 1.6472250883895878
flows[8,18], 0.781333333333336
flows[9,18], 1.6067366043251572
flows[10,18], 1.6766392302073558
flows[11,18], 1.6472250883895925
flows[12,18], 1.6472250883895923
flows[13,18], 1.6472250883895847
flows[14,18], 1.2705000000000104
flows[15,18], 1.6573325216755705
flows[16,18], 0.0
flows[17,18], 1.2705000000000837
flows[18,18], 1.6472250883895907
flows[19,18], 1.6472250883895998
flows[1,19], 0.9551666666666603
flows[2,19], 0.45580302295451763
flows[3,19], 0.48136097973320235
flows[4,19], 0.3767250883895929
flows[5,19], 0.43300590306613346
flows[6,19], 0.4577903636487493
flows[7,19], 0.3767250883895929
flows[8,19], -0.4891666666666319
flows[9,19], 0.33623660432514835
flows[10,19], 0.40613923020735654
flows[11,19], 0.3767250883895937
flows[12,19], 0.3767250883895927
flows[13,19], 0.37672508838958774
flows[14,19], 0.0
flows[15,19], 0.38683252167557275
flows[16,19], -1.2704999999999556
flows[17,19], 0.0
flows[18,19], 0.3767250883895921
flows[19,19], 0.376725088389593
flows[1,20], 0.0
flows[2,20], 0.0
flows[3,20], 0.0
flows[4,20], 0.0
flows[5,20], 0.0
flows[6,20], 0.0
flows[7,20], 0.0
flows[8,20], 0.0
flows[9,20], 0.0
flows[10,20], 0.0
flows[11,20], 0.0
flows[12,20], 0.0
flows[13,20], 0.0
flows[14,20], 0.0
flows[15,20], 0.0
flows[16,20], 0.0
flows[17,20], 0.0
flows[18,20], 0.0
flows[19,20], 0.0
overload, 2.3128333333333293
c_w[1,1], 1.0
c_w[2,1], 0.0
c_w[3,1], 0.0
c_w[4,1], 0.0
c_w[5,1], 0.0
c_w[6,1], 0.0
c_w[7,1], 0.0
c_w[8,1], 0.0
c_w[9,1], 0.0
c_w[10,1], 0.0
c_w[11,1], 0.0
c_w[12,1], 0.0
c_w[13,1], 0.0
c_w[14,1], 0.0
c_w[15,1], 0.0
c_w[16,1], 0.0
c_w[17,1], 0.0
c_w[18,1], 0.0
c_w[19,1], 0.0
c_w[1,2], 0.0
c_w[2,2], 1.0
c_w[3,2], 0.0
c_w[4,2], 0.0
c_w[5,2], 0.0
c_w[6,2], 0.0
c_w[7,2], 0.0
c_w[8,2], 0.0
c_w[9,2], 0.0
c_w[10,2], 0.0
c_w[11,2], 0.0
c_w[12,2], 0.0
c_w[13,2], 0.0
c_w[14,2], 0.0
c_w[15,2], 0.0
c_w[16,2], 0.0
c_w[17,2], 0.0
c_w[18,2], 0.0
c_w[19,2], 0.0
c_w[1,3], 0.0
c_w[2,3], 0.0
c_w[3,3], 1.0
c_w[4,3], 0.0
c_w[5,3], 0.0
c_w[6,3], 0.0
c_w[7,3], 0.0
c_w[8,3], 0.0
c_w[9,3], 0.0
c_w[10,3], 0.0
c_w[11,3], 0.0
c_w[12,3], 0.0
c_w[13,3], 0.0
c_w[14,3], 0.0
c_w[15,3], 0.0
c_w[16,3], 0.0
c_w[17,3], 0.0
c_w[18,3], 0.0
c_w[19,3], 0.0
c_w[1,4], 0.0
c_w[2,4], 0.0
c_w[3,4], 0.0
c_w[4,4], 1.0
c_w[5,4], 0.0
c_w[6,4], 0.0
c_w[7,4], 0.0
c_w[8,4], 0.0
c_w[9,4], 0.0
c_w[10,4], 0.0
c_w[11,4], 0.0
c_w[12,4], 0.0
c_w[13,4], 0.0
c_w[14,4], 0.0
c_w[15,4], 0.0
c_w[16,4], 0.0
c_w[17,4], 0.0
c_w[18,4], 0.0
c_w[19,4], 0.0
c_w[1,5], 0.0
c_w[2,5], 0.0
c_w[3,5], 0.0
c_w[4,5], 0.0
c_w[5,5], 1.0
c_w[6,5], 0.0
c_w[7,5], 0.0
c_w[8,5], 0.0
c_w[9,5], 0.0
c_w[10,5], 0.0
c_w[11,5], 0.0
c_w[12,5], 0.0
c_w[13,5], 0.0
c_w[14,5], 0.0
c_w[15,5], 0.0
c_w[16,5], 0.0
c_w[17,5], 0.0
c_w[18,5], 0.0
c_w[19,5], 0.0
c_w[1,6], 0.0
c_w[2,6], 0.0
c_w[3,6], 0.0
c_w[4,6], 0.0
c_w[5,6], 0.0
c_w[6,6], 1.0
c_w[7,6], 0.0
c_w[8,6], 0.0
c_w[9,6], 0.0
c_w[10,6], 0.0
c_w[11,6], 0.0
c_w[12,6], 0.0
c_w[13,6], 0.0
c_w[14,6], 0.0
c_w[15,6], 0.0
c_w[16,6], 0.0
c_w[17,6], 0.0
c_w[18,6], 0.0
c_w[19,6], 0.0
c_w[1,7], 0.0
c_w[2,7], 0.0
c_w[3,7], 0.0
c_w[4,7], 0.0
c_w[5,7], 0.0
c_w[6,7], 0.0
c_w[7,7], 1.0
c_w[8,7], 0.0
c_w[9,7], 0.0
c_w[10,7], 0.0
c_w[11,7], 0.0
c_w[12,7], 0.0
c_w[13,7], 0.0
c_w[14,7], 0.0
c_w[15,7], 0.0
c_w[16,7], 0.0
c_w[17,7], 0.0
c_w[18,7], 0.0
c_w[19,7], 0.0
c_w[1,8], 0.0
c_w[2,8], 0.0
c_w[3,8], 0.0
c_w[4,8], 0.0
c_w[5,8], 0.0
c_w[6,8], 0.0
c_w[7,8], 0.0
c_w[8,8], 0.0
c_w[9,8], 0.0
c_w[10,8], 0.0
c_w[11,8], 0.0
c_w[12,8], 0.0
c_w[13,8], 0.0
c_w[14,8], 0.0
c_w[15,8], 0.0
c_w[16,8], 0.0
c_w[17,8], 0.0
c_w[18,8], 0.0
c_w[19,8], 0.0
c_w[1,9], 0.0
c_w[2,9], 0.0
c_w[3,9], 0.0
c_w[4,9], 0.0
c_w[5,9], 0.0
c_w[6,9], 0.0
c_w[7,9], 0.0
c_w[8,9], 1.0
c_w[9,9], 0.0
c_w[10,9], 0.0
c_w[11,9], 0.0
c_w[12,9], 0.0
c_w[13,9], 0.0
c_w[14,9], 0.0
c_w[15,9], 0.0
c_w[16,9], 0.0
c_w[17,9], 0.0
c_w[18,9], 0.0
c_w[19,9], 0.0
c_w[1,10], 0.0
c_w[2,10], 0.0
c_w[3,10], 0.0
c_w[4,10], 0.0
c_w[5,10], 0.0
c_w[6,10], 0.0
c_w[7,10], 0.0
c_w[8,10], 0.0
c_w[9,10], 1.0
c_w[10,10], 0.0
c_w[11,10], 0.0
c_w[12,10], 0.0
c_w[13,10], 0.0
c_w[14,10], 0.0
c_w[15,10], 0.0
c_w[16,10], 0.0
c_w[17,10], 0.0
c_w[18,10], 0.0
c_w[19,10], 0.0
c_w[1,11], 0.0
c_w[2,11], 0.0
c_w[3,11], 0.0
c_w[4,11], 0.0
c_w[5,11], 0.0
c_w[6,11], 0.0
c_w[7,11], 0.0
c_w[8,11], 0.0
c_w[9,11], 0.0
c_w[10,11], 1.0
c_w[11,11], 0.0
c_w[12,11], 0.0
c_w[13,11], 0.0
c_w[14,11], 0.0
c_w[15,11], 0.0
c_w[16,11], 0.0
c_w[17,11], 0.0
c_w[18,11], 0.0
c_w[19,11], 0.0
c_w[1,12], 0.0
c_w[2,12], 0.0
c_w[3,12], 0.0
c_w[4,12], 0.0
c_w[5,12], 0.0
c_w[6,12], 0.0
c_w[7,12], 0.0
c_w[8,12], 0.0
c_w[9,12], 0.0
c_w[10,12], 0.0
c_w[11,12], 1.0
c_w[12,12], 0.0
c_w[13,12], 0.0
c_w[14,12], 0.0
c_w[15,12], 0.0
c_w[16,12], 0.0
c_w[17,12], 0.0
c_w[18,12], 0.0
c_w[19,12], 0.0
c_w[1,13], 0.0
c_w[2,13], 0.0
c_w[3,13], 0.0
c_w[4,13], 0.0
c_w[5,13], 0.0
c_w[6,13], 0.0
c_w[7,13], 0.0
c_w[8,13], 0.0
c_w[9,13], 0.0
c_w[10,13], 0.0
c_w[11,13], 0.0
c_w[12,13], 1.0
c_w[13,13], 0.0
c_w[14,13], 0.0
c_w[15,13], 0.0
c_w[16,13], 0.0
c_w[17,13], 0.0
c_w[18,13], 0.0
c_w[19,13], 0.0
c_w[1,14], 0.0
c_w[2,14], 0.0
c_w[3,14], 0.0
c_w[4,14], 0.0
c_w[5,14], 0.0
c_w[6,14], 0.0
c_w[7,14], 0.0
c_w[8,14], 0.0
c_w[9,14], 0.0
c_w[10,14], 0.0
c_w[11,14], 0.0
c_w[12,14], 0.0
c_w[13,14], 1.0
c_w[14,14], 0.0
c_w[15,14], 0.0
c_w[16,14], 0.0
c_w[17,14], 0.0
c_w[18,14], 0.0
c_w[19,14], 0.0
c_w[1,15], 0.0
c_w[2,15], 0.0
c_w[3,15], 0.0
c_w[4,15], 0.0
c_w[5,15], 0.0
c_w[6,15], 0.0
c_w[7,15], 0.0
c_w[8,15], 0.0
c_w[9,15], 0.0
c_w[10,15], 0.0
c_w[11,15], 0.0
c_w[12,15], 0.0
c_w[13,15], 0.0
c_w[14,15], 1.0
c_w[15,15], 0.0
c_w[16,15], 0.0
c_w[17,15], 0.0
c_w[18,15], 0.0
c_w[19,15], 0.0
c_w[1,16], 0.0
c_w[2,16], 0.0
c_w[3,16], 0.0
c_w[4,16], 0.0
c_w[5,16], 0.0
c_w[6,16], 0.0
c_w[7,16], 0.0
c_w[8,16], 0.0
c_w[9,16], 0.0
c_w[10,16], 0.0
c_w[11,16], 0.0
c_w[12,16], 0.0
c_w[13,16], 0.0
c_w[14,16], 0.0
c_w[15,16], 1.0
c_w[16,16], 0.0
c_w[17,16], 0.0
c_w[18,16], 0.0
c_w[19,16], 0.0
c_w[1,17], 0.0
c_w[2,17], 0.0
c_w[3,17], 0.0
c_w[4,17], 0.0
c_w[5,17], 0.0
c_w[6,17], 0.0
c_w[7,17], 0.0
c_w[8,17], 0.0
c_w[9,17], 0.0
c_w[10,17], 0.0
c_w[11,17], 0.0
c_w[12,17], 0.0
c_w[13,17], 0.0
c_w[14,17], 0.0
c_w[15,17], 0.0
c_w[16,17], 0.0
c_w[17,17], 0.0
c_w[18,17], 0.0
c_w[19,17], 0.0
c_w[1,18], 0.0
c_w[2,18], 0.0
c_w[3,18], 0.0
c_w[4,18], 0.0
c_w[5,18], 0.0
c_w[6,18], 0.0
c_w[7,18], 0.0
c_w[8,18], 0.0
c_w[9,18], 0.0
c_w[10,18], 0.0
c_w[11,18], 0.0
c_w[12,18], 0.0
c_w[13,18], 0.0
c_w[14,18], 0.0
c_w[15,18], 0.0
c_w[16,18], 1.0
c_w[17,18], 0.0
c_w[18,18], 0.0
c_w[19,18], 0.0
c_w[1,19], 0.0
c_w[2,19], 0.0
c_w[3,19], 0.0
c_w[4,19], 0.0
c_w[5,19], 0.0
c_w[6,19], 0.0
c_w[7,19], 0.0
c_w[8,19], 0.0
c_w[9,19], 0.0
c_w[10,19], 0.0
c_w[11,19], 0.0
c_w[12,19], 0.0
c_w[13,19], 0.0
c_w[14,19], 0.0
c_w[15,19], 0.0
c_w[16,19], 0.0
c_w[17,19], 1.0
c_w[18,19], 0.0
c_w[19,19], 0.0
c_w[1,20], 0.0
c_w[2,20], 0.0
c_w[3,20], 0.0
c_w[4,20], 0.0
c_w[5,20], 0.0
c_w[6,20], 0.0
c_w[7,20], 0.0
c_w[8,20], 0.0
c_w[9,20], 0.0
c_w[10,20], 0.0
c_w[11,20], 0.0
c_w[12,20], 0.0
c_w[13,20], 0.0
c_w[14,20], 0.0
c_w[15,20], 0.0
c_w[16,20], 0.0
c_w[17,20], 0.0
c_w[18,20], 1.0
c_w[19,20], 0.0
ρ, 2.3128333333333293
c_flows[19,1], -5.0
c_flows[19,2], 14.0
c_flows[19,3], -6.0
c_flows[19,4], -14.0
c_flows[19,5], 13.0
c_flows[19,6], 7.0
c_flows[19,7], 14.0
c_flows[19,8], 2.0
c_flows[19,9], -14.0
c_flows[19,10], -11.0
c_flows[19,11], 8.0
c_flows[19,12], 1.0
c_flows[19,13], -14.0
c_flows[19,14], -14.0
c_flows[19,15], 14.0
c_flows[19,16], -2.0
c_flows[19,17], -4.0
c_flows[19,18], 3.0
c_flows[19,19], 12.0
c_flows[19,20], 1.0
cn1_a[1], 0.0
cn1_a[2], 0.0
cn1_a[3], 0.0
cn1_a[4], 0.0
cn1_a[5], 0.0
cn1_a[6], 0.0
cn1_a[7], 0.0
cn1_a[8], 0.0
cn1_a[9], 0.0
cn1_a[10], 0.0
cn1_a[11], 0.0
cn1_a[12], 0.0
cn1_a[13], 0.0
cn1_a[14], 0.0
cn1_a[15], 0.0
cn1_a[16], 0.0
cn1_a[17], 0.0
cn1_a[18], 0.0
cn1_b[1], 1.0
cn1_b[2], 1.0
cn1_b[3], 1.0
cn1_b[4], 1.0
cn1_b[5], 1.0
cn1_b[6], 1.0
cn1_b[7], 1.0
cn1_b[8], 1.0
cn1_b[9], 1.0
cn1_b[10], 1.0
cn1_b[11], 1.0
cn1_b[12], 1.0
cn1_b[13], 1.0
cn1_b[14], 1.0
cn1_b[15], 1.0
cn1_b[16], 1.0
cn1_b[17], 1.0
cn1_b[18], 1.0
cn1_flows[1,1], 0.0
cn1_flows[2,1], -16.0
cn1_flows[3,1], -13.0
cn1_flows[4,1], -5.0
cn1_flows[5,1], -16.0
cn1_flows[6,1], -12.0
cn1_flows[7,1], -13.0
cn1_flows[8,1], -16.0
cn1_flows[9,1], -5.0
cn1_flows[10,1], -11.0
cn1_flows[11,1], -16.0
cn1_flows[12,1], -3.0
cn1_flows[13,1], -16.0
cn1_flows[14,1], -13.0
cn1_flows[15,1], -5.0
cn1_flows[16,1], -13.0
cn1_flows[17,1], -16.0
cn1_flows[18,1], 16.0
cn1_flows[1,2], 16.0
cn1_flows[2,2], 0.0
cn1_flows[3,2], 2.0
cn1_flows[4,2], 5.0
cn1_flows[5,2], 1.0
cn1_flows[6,2], 2.0
cn1_flows[7,2], 16.0
cn1_flows[8,2], 13.0
cn1_flows[9,2], 5.0
cn1_flows[10,2], 2.0
cn1_flows[11,2], 13.0
cn1_flows[12,2], 16.0
cn1_flows[13,2], 13.0
cn1_flows[14,2], 16.0
cn1_flows[15,2], -14.0
cn1_flows[16,2], 16.0
cn1_flows[17,2], 13.0
cn1_flows[18,2], 16.0
cn1_flows[1,3], -1.0
cn1_flows[2,3], -14.0
cn1_flows[3,3], 0.0
cn1_flows[4,3], -11.0
cn1_flows[5,3], -14.0
cn1_flows[6,3], 1.0
cn1_flows[7,3], -14.0
cn1_flows[8,3], -14.0
cn1_flows[9,3], 5.0
cn1_flows[10,3], 2.0
cn1_flows[11,3], -14.0
cn1_flows[12,3], -4.0
cn1_flows[13,3], -14.0
cn1_flows[14,3], -14.0
cn1_flows[15,3], -8.0
cn1_flows[16,3], -14.0
cn1_flows[17,3], -14.0
cn1_flows[18,3], 9.0
cn1_flows[1,4], -16.0
cn1_flows[2,4], -3.0
cn1_flows[3,4], -16.0
cn1_flows[4,4], 0.0
cn1_flows[5,4], -4.0
cn1_flows[6,4], -16.0
cn1_flows[7,4], -16.0
cn1_flows[8,4], -16.0
cn1_flows[9,4], -16.0
cn1_flows[10,4], -16.0
cn1_flows[11,4], -16.0
cn1_flows[12,4], -16.0
cn1_flows[13,4], -16.0
cn1_flows[14,4], -16.0
cn1_flows[15,4], 16.0
cn1_flows[16,4], -16.0
cn1_flows[17,4], -16.0
cn1_flows[18,4], -10.0
cn1_flows[1,5], 15.0
cn1_flows[2,5], -1.0
cn1_flows[3,5], 1.0
cn1_flows[4,5], 4.0
cn1_flows[5,5], 0.0
cn1_flows[6,5], 1.0
cn1_flows[7,5], 15.0
cn1_flows[8,5], 12.0
cn1_flows[9,5], 4.0
cn1_flows[10,5], 1.0
cn1_flows[11,5], 12.0
cn1_flows[12,5], 15.0
cn1_flows[13,5], 12.0
cn1_flows[14,5], 15.0
cn1_flows[15,5], -15.0
cn1_flows[16,5], 15.0
cn1_flows[17,5], 12.0
cn1_flows[18,5], 15.0
cn1_flows[1,6], 2.0
cn1_flows[2,6], 15.0
cn1_flows[3,6], 1.0
cn1_flows[4,6], 12.0
cn1_flows[5,6], 15.0
cn1_flows[6,6], 0.0
cn1_flows[7,6], 15.0
cn1_flows[8,6], 15.0
cn1_flows[9,6], -4.0
cn1_flows[10,6], -1.0
cn1_flows[11,6], 15.0
cn1_flows[12,6], 5.0
cn1_flows[13,6], 15.0
cn1_flows[14,6], 15.0
cn1_flows[15,6], 9.0
cn1_flows[16,6], 15.0
cn1_flows[17,6], 15.0
cn1_flows[18,6], -8.0
cn1_flows[1,7], 16.0
cn1_flows[2,7], 16.0
cn1_flows[3,7], 16.0
cn1_flows[4,7], 16.0
cn1_flows[5,7], 16.0
cn1_flows[6,7], 16.0
cn1_flows[7,7], 0.0
cn1_flows[8,7], 16.0
cn1_flows[9,7], 16.0
cn1_flows[10,7], 16.0
cn1_flows[11,7], 16.0
cn1_flows[12,7], 14.0
cn1_flows[13,7], 16.0
cn1_flows[14,7], 16.0
cn1_flows[15,7], 16.0
cn1_flows[16,7], 5.0
cn1_flows[17,7], 16.0
cn1_flows[18,7], 16.0
cn1_flows[1,8], 14.0
cn1_flows[2,8], 13.0
cn1_flows[3,8], 10.0
cn1_flows[4,8], 2.0
cn1_flows[5,8], 14.0
cn1_flows[6,8], 9.0
cn1_flows[7,8], 16.0
cn1_flows[8,8], -3.0
cn1_flows[9,8], 2.0
cn1_flows[10,8], 14.0
cn1_flows[11,8], 1.0
cn1_flows[12,8], 16.0
cn1_flows[13,8], 13.0
cn1_flows[14,8], 10.0
cn1_flows[15,8], 14.0
cn1_flows[16,8], 10.0
cn1_flows[17,8], 13.0
cn1_flows[18,8], -15.0
cn1_flows[1,9], -16.0
cn1_flows[2,9], -16.0
cn1_flows[3,9], -16.0
cn1_flows[4,9], -16.0
cn1_flows[5,9], -16.0
cn1_flows[6,9], -16.0
cn1_flows[7,9], -2.0
cn1_flows[8,9], 0.0
cn1_flows[9,9], -16.0
cn1_flows[10,9], -16.0
cn1_flows[11,9], -3.0
cn1_flows[12,9], -16.0
cn1_flows[13,9], -16.0
cn1_flows[14,9], -16.0
cn1_flows[15,9], -16.0
cn1_flows[16,9], -16.0
cn1_flows[17,9], -16.0
cn1_flows[18,9], -16.0
cn1_flows[1,10], -11.0
cn1_flows[2,10], -8.0
cn1_flows[3,10], 3.0
cn1_flows[4,10], -16.0
cn1_flows[5,10], -8.0
cn1_flows[6,10], 3.0
cn1_flows[7,10], -11.0
cn1_flows[8,10], -8.0
cn1_flows[9,10], 0.0
cn1_flows[10,10], 3.0
cn1_flows[11,10], -8.0
cn1_flows[12,10], -11.0
cn1_flows[13,10], -8.0
cn1_flows[14,10], -11.0
cn1_flows[15,10], -13.0
cn1_flows[16,10], -11.0
cn1_flows[17,10], -8.0
cn1_flows[18,10], -16.0
cn1_flows[1,11], 3.0
cn1_flows[2,11], 16.0
cn1_flows[3,11], 2.0
cn1_flows[4,11], 13.0
cn1_flows[5,11], 16.0
cn1_flows[6,11], 1.0
cn1_flows[7,11], 16.0
cn1_flows[8,11], 16.0
cn1_flows[9,11], -3.0
cn1_flows[10,11], 0.0
cn1_flows[11,11], 16.0
cn1_flows[12,11], 6.0
cn1_flows[13,11], 16.0
cn1_flows[14,11], 16.0
cn1_flows[15,11], 10.0
cn1_flows[16,11], 16.0
cn1_flows[17,11], 16.0
cn1_flows[18,11], -7.0
cn1_flows[1,12], 13.0
cn1_flows[2,12], 12.0
cn1_flows[3,12], 9.0
cn1_flows[4,12], 1.0
cn1_flows[5,12], 13.0
cn1_flows[6,12], 8.0
cn1_flows[7,12], 15.0
cn1_flows[8,12], -4.0
cn1_flows[9,12], 1.0
cn1_flows[10,12], 13.0
cn1_flows[11,12], 0.0
cn1_flows[12,12], 15.0
cn1_flows[13,12], 12.0
cn1_flows[14,12], 9.0
cn1_flows[15,12], 13.0
cn1_flows[16,12], 9.0
cn1_flows[17,12], 12.0
cn1_flows[18,12], -16.0
cn1_flows[1,13], 1.0
cn1_flows[2,13], -16.0
cn1_flows[3,13], -16.0
cn1_flows[4,13], -16.0
cn1_flows[5,13], -15.0
cn1_flows[6,13], -16.0
cn1_flows[7,13], 4.0
cn1_flows[8,13], -16.0
cn1_flows[9,13], -16.0
cn1_flows[10,13], -10.0
cn1_flows[11,13], -15.0
cn1_flows[12,13], 0.0
cn1_flows[13,13], -16.0
cn1_flows[14,13], -16.0
cn1_flows[15,13], -4.0
cn1_flows[16,13], -16.0
cn1_flows[17,13], -16.0
cn1_flows[18,13], -12.0
cn1_flows[1,14], -16.0
cn1_flows[2,14], -5.0
cn1_flows[3,14], -8.0
cn1_flows[4,14], -16.0
cn1_flows[5,14], -5.0
cn1_flows[6,14], -9.0
cn1_flows[7,14], -8.0
cn1_flows[8,14], -5.0
cn1_flows[9,14], -16.0
cn1_flows[10,14], -10.0
cn1_flows[11,14], -5.0
cn1_flows[12,14], -16.0
cn1_flows[13,14], 0.0
cn1_flows[14,14], 8.0
cn1_flows[15,14], -16.0
cn1_flows[16,14], -8.0
cn1_flows[17,14], 9.0
cn1_flows[18,14], -16.0
cn1_flows[1,15], 11.0
cn1_flows[2,15], 16.0
cn1_flows[3,15], 16.0
cn1_flows[4,15], 16.0
cn1_flows[5,15], 16.0
cn1_flows[6,15], 16.0
cn1_flows[7,15], 16.0
cn1_flows[8,15], 16.0
cn1_flows[9,15], 16.0
cn1_flows[10,15], 16.0
cn1_flows[11,15], 16.0
cn1_flows[12,15], 14.0
cn1_flows[13,15], 11.0
cn1_flows[14,15], 0.0
cn1_flows[15,15], 16.0
cn1_flows[16,15], 16.0
cn1_flows[17,15], 2.0
cn1_flows[18,15], -5.0
cn1_flows[1,16], -2.0
cn1_flows[2,16], -5.0
cn1_flows[3,16], -16.0
cn1_flows[4,16], 3.0
cn1_flows[5,16], -5.0
cn1_flows[6,16], -16.0
cn1_flows[7,16], -2.0
cn1_flows[8,16], -5.0
cn1_flows[9,16], -13.0
cn1_flows[10,16], -16.0
cn1_flows[11,16], -5.0
cn1_flows[12,16], -2.0
cn1_flows[13,16], -5.0
cn1_flows[14,16], -2.0
cn1_flows[15,16], 0.0
cn1_flows[16,16], -2.0
cn1_flows[17,16], -5.0
cn1_flows[18,16], 4.0
cn1_flows[1,17], -16.0
cn1_flows[2,17], -15.0
cn1_flows[3,17], -12.0
cn1_flows[4,17], -4.0
cn1_flows[5,17], -16.0
cn1_flows[6,17], -11.0
cn1_flows[7,17], -16.0
cn1_flows[8,17], -15.0
cn1_flows[9,17], -4.0
cn1_flows[10,17], -16.0
cn1_flows[11,17], -16.0
cn1_flows[12,17], -16.0
cn1_flows[13,17], -15.0
cn1_flows[14,17], -12.0
cn1_flows[15,17], -16.0
cn1_flows[16,17], -1.0
cn1_flows[17,17], -15.0
cn1_flows[18,17], 13.0
cn1_flows[1,18], 15.0
cn1_flows[2,18], 14.0
cn1_flows[3,18], 11.0
cn1_flows[4,18], 3.0
cn1_flows[5,18], 15.0
cn1_flows[6,18], 10.0
cn1_flows[7,18], 15.0
cn1_flows[8,18], 14.0
cn1_flows[9,18], 3.0
cn1_flows[10,18], 15.0
cn1_flows[11,18], 15.0
cn1_flows[12,18], 15.0
cn1_flows[13,18], 14.0
cn1_flows[14,18], 11.0
cn1_flows[15,18], 15.0
cn1_flows[16,18], 0.0
cn1_flows[17,18], 14.0
cn1_flows[18,18], -14.0
cn1_flows[1,19], 9.0
cn1_flows[2,19], 14.0
cn1_flows[3,19], 14.0
cn1_flows[4,19], 14.0
cn1_flows[5,19], 14.0
cn1_flows[6,19], 14.0
cn1_flows[7,19], 14.0
cn1_flows[8,19], 14.0
cn1_flows[9,19], 14.0
cn1_flows[10,19], 14.0
cn1_flows[11,19], 14.0
cn1_flows[12,19], 12.0
cn1_flows[13,19], 9.0
cn1_flows[14,19], -2.0
cn1_flows[15,19], 14.0
cn1_flows[16,19], 14.0
cn1_flows[17,19], 0.0
cn1_flows[18,19], -6.0
cn1_flows[1,20], 1.0
cn1_flows[2,20], 1.0
cn1_flows[3,20], 1.0
cn1_flows[4,20], 1.0
cn1_flows[5,20], 1.0
cn1_flows[6,20], 1.0
cn1_flows[7,20], 1.0
cn1_flows[8,20], 1.0
cn1_flows[9,20], 1.0
cn1_flows[10,20], 1.0
cn1_flows[11,20], 1.0
cn1_flows[12,20], 1.0
cn1_flows[13,20], 1.0
cn1_flows[14,20], 1.0
cn1_flows[15,20], 1.0
cn1_flows[16,20], 1.0
cn1_flows[17,20], 1.0
cn1_flows[18,20], 0.0
cn1_p_orig[1], 0.0
cn1_p_orig[2], 0.0
cn1_p_orig[3], 0.0
cn1_p_orig[4], 0.0
cn1_p_orig[5], 0.0
cn1_p_orig[6], 0.0
cn1_p_orig[7], 0.0
cn1_p_orig[8], 0.0
cn1_p_orig[9], 0.0
cn1_p_orig[10], 0.0
cn1_p_orig[11], 0.0
cn1_p_orig[12], 0.0
cn1_p_orig[13], 0.0
cn1_p_orig[14], 0.0
cn1_p_orig[15], 0.0
cn1_p_orig[16], 0.0
cn1_p_orig[17], 0.0
cn1_p_orig[18], 0.0
cn1_π[1,1], 0.0
cn1_π[2,1], 0.0
cn1_π[3,1], 0.0
cn1_π[4,1], 0.0
cn1_π[5,1], 0.0
cn1_π[6,1], 0.0
cn1_π[7,1], 0.0
cn1_π[8,1], 0.0
cn1_π[9,1], 0.0
cn1_π[10,1], 0.0
cn1_π[11,1], 0.0
cn1_π[12,1], 0.0
cn1_π[13,1], 0.0
cn1_π[14,1], 0.0
cn1_π[15,1], 0.0
cn1_π[16,1], 0.0
cn1_π[17,1], 0.0
cn1_π[18,1], 0.0
cn1_π[1,2], 0.0
cn1_π[2,2], 0.0
cn1_π[3,2], 0.0
cn1_π[4,2], 0.0
cn1_π[5,2], 0.0
cn1_π[6,2], 0.0
cn1_π[7,2], 0.0
cn1_π[8,2], 0.0
cn1_π[9,2], 0.0
cn1_π[10,2], 0.0
cn1_π[11,2], 0.0
cn1_π[12,2], 0.0
cn1_π[13,2], 0.0
cn1_π[14,2], 0.0
cn1_π[15,2], 0.0
cn1_π[16,2], 0.0
cn1_π[17,2], 0.0
cn1_π[18,2], 0.0
cn1_π[1,3], 0.0
cn1_π[2,3], 0.0
cn1_π[3,3], 0.0
cn1_π[4,3], 0.0
cn1_π[5,3], 0.0
cn1_π[6,3], 0.0
cn1_π[7,3], 0.0
cn1_π[8,3], 0.0
cn1_π[9,3], 0.0
cn1_π[10,3], 0.0
cn1_π[11,3], 0.0
cn1_π[12,3], 0.0
cn1_π[13,3], 0.0
cn1_π[14,3], 0.0
cn1_π[15,3], 0.0
cn1_π[16,3], 0.0
cn1_π[17,3], 0.0
cn1_π[18,3], 0.0
cn1_π[1,4], 0.0
cn1_π[2,4], 0.0
cn1_π[3,4], 0.0
cn1_π[4,4], 0.0
cn1_π[5,4], 0.0
cn1_π[6,4], 0.0
cn1_π[7,4], 0.0
cn1_π[8,4], 0.0
cn1_π[9,4], 0.0
cn1_π[10,4], 0.0
cn1_π[11,4], 0.0
cn1_π[12,4], 0.0
cn1_π[13,4], 0.0
cn1_π[14,4], 0.0
cn1_π[15,4], 0.0
cn1_π[16,4], 0.0
cn1_π[17,4], 0.0
cn1_π[18,4], 0.0
cn1_π[1,5], 0.0
cn1_π[2,5], 0.0
cn1_π[3,5], 0.0
cn1_π[4,5], 0.0
cn1_π[5,5], 0.0
cn1_π[6,5], 0.0
cn1_π[7,5], 0.0
cn1_π[8,5], 0.0
cn1_π[9,5], 0.0
cn1_π[10,5], 0.0
cn1_π[11,5], 0.0
cn1_π[12,5], 0.0
cn1_π[13,5], 0.0
cn1_π[14,5], 0.0
cn1_π[15,5], 0.0
cn1_π[16,5], 0.0
cn1_π[17,5], 0.0
cn1_π[18,5], 0.0
cn1_π[1,6], 0.0
cn1_π[2,6], 0.0
cn1_π[3,6], 0.0
cn1_π[4,6], 0.0
cn1_π[5,6], 0.0
cn1_π[6,6], 0.0
cn1_π[7,6], 0.0
cn1_π[8,6], 0.0
cn1_π[9,6], 0.0
cn1_π[10,6], 0.0
cn1_π[11,6], 0.0
cn1_π[12,6], 0.0
cn1_π[13,6], 0.0
cn1_π[14,6], 0.0
cn1_π[15,6], 0.0
cn1_π[16,6], 0.0
cn1_π[17,6], 0.0
cn1_π[18,6], 0.0
cn1_π[1,7], 0.0
cn1_π[2,7], 0.0
cn1_π[3,7], 0.0
cn1_π[4,7], 0.0
cn1_π[5,7], 0.0
cn1_π[6,7], 0.0
cn1_π[7,7], 0.0
cn1_π[8,7], 0.0
cn1_π[9,7], 0.0
cn1_π[10,7], 0.0
cn1_π[11,7], 0.0
cn1_π[12,7], 0.0
cn1_π[13,7], 0.0
cn1_π[14,7], 0.0
cn1_π[15,7], 0.0
cn1_π[16,7], 0.0
cn1_π[17,7], 0.0
cn1_π[18,7], 0.0
cn1_π[1,8], 0.0
cn1_π[2,8], 0.0
cn1_π[3,8], 0.0
cn1_π[4,8], 0.0
cn1_π[5,8], 0.0
cn1_π[6,8], 0.0
cn1_π[7,8], 0.0
cn1_π[8,8], 0.0
cn1_π[9,8], 0.0
cn1_π[10,8], 0.0
cn1_π[11,8], 0.0
cn1_π[12,8], 0.0
cn1_π[13,8], 0.0
cn1_π[14,8], 0.0
cn1_π[15,8], 0.0
cn1_π[16,8], 0.0
cn1_π[17,8], 0.0
cn1_π[18,8], 0.0
cn1_π[1,9], 0.0
cn1_π[2,9], 0.0
cn1_π[3,9], 0.0
cn1_π[4,9], 0.0
cn1_π[5,9], 0.0
cn1_π[6,9], 0.0
cn1_π[7,9], 0.0
cn1_π[8,9], 0.0
cn1_π[9,9], 0.0
cn1_π[10,9], 0.0
cn1_π[11,9], 0.0
cn1_π[12,9], 0.0
cn1_π[13,9], 0.0
cn1_π[14,9], 0.0
cn1_π[15,9], 0.0
cn1_π[16,9], 0.0
cn1_π[17,9], 0.0
cn1_π[18,9], 0.0
cn1_π[1,10], 0.0
cn1_π[2,10], 0.0
cn1_π[3,10], 0.0
cn1_π[4,10], 0.0
cn1_π[5,10], 0.0
cn1_π[6,10], 0.0
cn1_π[7,10], 0.0
cn1_π[8,10], 0.0
cn1_π[9,10], 0.0
cn1_π[10,10], 0.0
cn1_π[11,10], 0.0
cn1_π[12,10], 0.0
cn1_π[13,10], 0.0
cn1_π[14,10], 0.0
cn1_π[15,10], 0.0
cn1_π[16,10], 0.0
cn1_π[17,10], 0.0
cn1_π[18,10], 0.0
cn1_π[1,11], 0.0
cn1_π[2,11], 0.0
cn1_π[3,11], 0.0
cn1_π[4,11], 0.0
cn1_π[5,11], 0.0
cn1_π[6,11], 0.0
cn1_π[7,11], 0.0
cn1_π[8,11], 0.0
cn1_π[9,11], 0.0
cn1_π[10,11], 0.0
cn1_π[11,11], 0.0
cn1_π[12,11], 0.0
cn1_π[13,11], 0.0
cn1_π[14,11], 0.0
cn1_π[15,11], 0.0
cn1_π[16,11], 0.0
cn1_π[17,11], 0.0
cn1_π[18,11], 0.0
cn1_π[1,12], 0.0
cn1_π[2,12], 0.0
cn1_π[3,12], 0.0
cn1_π[4,12], 0.0
cn1_π[5,12], 0.0
cn1_π[6,12], 0.0
cn1_π[7,12], 0.0
cn1_π[8,12], 0.0
cn1_π[9,12], 0.0
cn1_π[10,12], 0.0
cn1_π[11,12], 0.0
cn1_π[12,12], 0.0
cn1_π[13,12], 0.0
cn1_π[14,12], 0.0
cn1_π[15,12], 0.0
cn1_π[16,12], 0.0
cn1_π[17,12], 0.0
cn1_π[18,12], 0.0
cn1_π[1,13], 0.0
cn1_π[2,13], 0.0
cn1_π[3,13], 0.0
cn1_π[4,13], 0.0
cn1_π[5,13], 0.0
cn1_π[6,13], 0.0
cn1_π[7,13], 0.0
cn1_π[8,13], 0.0
cn1_π[9,13], 0.0
cn1_π[10,13], 0.0
cn1_π[11,13], 0.0
cn1_π[12,13], 0.0
cn1_π[13,13], 0.0
cn1_π[14,13], 0.0
cn1_π[15,13], 0.0
cn1_π[16,13], 0.0
cn1_π[17,13], 0.0
cn1_π[18,13], 0.0
cn1_π[1,14], 0.0
cn1_π[2,14], 0.0
cn1_π[3,14], 0.0
cn1_π[4,14], 0.0
cn1_π[5,14], 0.0
cn1_π[6,14], 0.0
cn1_π[7,14], 0.0
cn1_π[8,14], 0.0
cn1_π[9,14], 0.0
cn1_π[10,14], 0.0
cn1_π[11,14], 0.0
cn1_π[12,14], 0.0
cn1_π[13,14], 0.0
cn1_π[14,14], 0.0
cn1_π[15,14], 0.0
cn1_π[16,14], 0.0
cn1_π[17,14], 0.0
cn1_π[18,14], 0.0
cn1_ψ[1,1,10], 1.0
cn1_ψ[1,1,16], 1.0
cn1_ψ[1,2,1], 0.0
cn1_ψ[1,2,7], 1.0
cn1_ψ[1,2,13], 1.0
cn1_ψ[1,2,17], 1.0
cn1_ψ[1,3,1], 0.0
cn1_ψ[1,3,2], 1.0
cn1_ψ[1,3,3], 1.0
cn1_ψ[1,3,4], 1.0
cn1_ψ[1,4,2], 1.0
cn1_ψ[1,4,5], 1.0
cn1_ψ[1,5,6], 1.0
cn1_ψ[1,5,11], 1.0
cn1_ψ[1,6,7], 1.0
cn1_ψ[1,6,8], 1.0
cn1_ψ[1,6,9], 1.0
cn1_ψ[1,6,18], 1.0
cn1_ψ[1,7,3], 1.0
cn1_ψ[1,7,6], 1.0
cn1_ψ[1,8,10], 1.0
cn1_ψ[1,8,11], 1.0
cn1_ψ[1,8,14], 1.0
cn1_ψ[1,8,19], 1.0
cn1_ψ[1,9,8], 1.0
cn1_ψ[1,9,12], 1.0
cn1_ψ[1,10,9], 1.0
cn1_ψ[1,10,12], 1.0
cn1_ψ[1,10,13], 1.0
cn1_ψ[1,10,14], 1.0
cn1_ψ[1,10,15], 1.0
cn1_ψ[1,11,4], 1.0
cn1_ψ[1,11,5], 1.0
cn1_ψ[1,11,16], 1.0
cn1_ψ[1,12,17], 1.0
cn1_ψ[1,12,18], 1.0
cn1_ψ[1,13,20], 1.0
cn1_ψ[1,14,15], 1.0
cn1_ψ[1,14,19], 1.0
cn1_ψ[1,14,20], 1.0
cn1_ψ[2,1,10], 1.0
cn1_ψ[2,1,16], 1.0
cn1_ψ[2,2,1], 1.0
cn1_ψ[2,2,7], 1.0
cn1_ψ[2,2,13], 1.0
cn1_ψ[2,2,17], 1.0
cn1_ψ[2,3,1], 1.0
cn1_ψ[2,3,2], 0.0
cn1_ψ[2,3,3], 1.0
cn1_ψ[2,3,4], 1.0
cn1_ψ[2,4,2], 0.0
cn1_ψ[2,4,5], 1.0
cn1_ψ[2,5,6], 1.0
cn1_ψ[2,5,11], 1.0
cn1_ψ[2,6,7], 1.0
cn1_ψ[2,6,8], 1.0
cn1_ψ[2,6,9], 1.0
cn1_ψ[2,6,18], 1.0
cn1_ψ[2,7,3], 1.0
cn1_ψ[2,7,6], 1.0
cn1_ψ[2,8,10], 1.0
cn1_ψ[2,8,11], 1.0
cn1_ψ[2,8,14], 1.0
cn1_ψ[2,8,19], 1.0
cn1_ψ[2,9,8], 1.0
cn1_ψ[2,9,12], 1.0
cn1_ψ[2,10,9], 1.0
cn1_ψ[2,10,12], 1.0
cn1_ψ[2,10,13], 1.0
cn1_ψ[2,10,14], 1.0
cn1_ψ[2,10,15], 1.0
cn1_ψ[2,11,4], 1.0
cn1_ψ[2,11,5], 1.0
cn1_ψ[2,11,16], 1.0
cn1_ψ[2,12,17], 1.0
cn1_ψ[2,12,18], 1.0
cn1_ψ[2,13,20], 1.0
cn1_ψ[2,14,15], 1.0
cn1_ψ[2,14,19], 1.0
cn1_ψ[2,14,20], 1.0
cn1_ψ[3,1,10], 1.0
cn1_ψ[3,1,16], 1.0
cn1_ψ[3,2,1], 1.0
cn1_ψ[3,2,7], 1.0
cn1_ψ[3,2,13], 1.0
cn1_ψ[3,2,17], 1.0
cn1_ψ[3,3,1], 1.0
cn1_ψ[3,3,2], 1.0
cn1_ψ[3,3,3], 0.0
cn1_ψ[3,3,4], 1.0
cn1_ψ[3,4,2], 1.0
cn1_ψ[3,4,5], 1.0
cn1_ψ[3,5,6], 1.0
cn1_ψ[3,5,11], 1.0
cn1_ψ[3,6,7], 1.0
cn1_ψ[3,6,8], 1.0
cn1_ψ[3,6,9], 1.0
cn1_ψ[3,6,18], 1.0
cn1_ψ[3,7,3], 0.0
cn1_ψ[3,7,6], 1.0
cn1_ψ[3,8,10], 1.0
cn1_ψ[3,8,11], 1.0
cn1_ψ[3,8,14], 1.0
cn1_ψ[3,8,19], 1.0
cn1_ψ[3,9,8], 1.0
cn1_ψ[3,9,12], 1.0
cn1_ψ[3,10,9], 1.0
cn1_ψ[3,10,12], 1.0
cn1_ψ[3,10,13], 1.0
cn1_ψ[3,10,14], 1.0
cn1_ψ[3,10,15], 1.0
cn1_ψ[3,11,4], 1.0
cn1_ψ[3,11,5], 1.0
cn1_ψ[3,11,16], 1.0
cn1_ψ[3,12,17], 1.0
cn1_ψ[3,12,18], 1.0
cn1_ψ[3,13,20], 1.0
cn1_ψ[3,14,15], 1.0
cn1_ψ[3,14,19], 1.0
cn1_ψ[3,14,20], 1.0
cn1_ψ[4,1,10], 1.0
cn1_ψ[4,1,16], 1.0
cn1_ψ[4,2,1], 1.0
cn1_ψ[4,2,7], 1.0
cn1_ψ[4,2,13], 1.0
cn1_ψ[4,2,17], 1.0
cn1_ψ[4,3,1], 1.0
cn1_ψ[4,3,2], 1.0
cn1_ψ[4,3,3], 1.0
cn1_ψ[4,3,4], 0.0
cn1_ψ[4,4,2], 1.0
cn1_ψ[4,4,5], 1.0
cn1_ψ[4,5,6], 1.0
cn1_ψ[4,5,11], 1.0
cn1_ψ[4,6,7], 1.0
cn1_ψ[4,6,8], 1.0
cn1_ψ[4,6,9], 1.0
cn1_ψ[4,6,18], 1.0
cn1_ψ[4,7,3], 1.0
cn1_ψ[4,7,6], 1.0
cn1_ψ[4,8,10], 1.0
cn1_ψ[4,8,11], 1.0
cn1_ψ[4,8,14], 1.0
cn1_ψ[4,8,19], 1.0
cn1_ψ[4,9,8], 1.0
cn1_ψ[4,9,12], 1.0
cn1_ψ[4,10,9], 1.0
cn1_ψ[4,10,12], 1.0
cn1_ψ[4,10,13], 1.0
cn1_ψ[4,10,14], 1.0
cn1_ψ[4,10,15], 1.0
cn1_ψ[4,11,4], 0.0
cn1_ψ[4,11,5], 1.0
cn1_ψ[4,11,16], 1.0
cn1_ψ[4,12,17], 1.0
cn1_ψ[4,12,18], 1.0
cn1_ψ[4,13,20], 1.0
cn1_ψ[4,14,15], 1.0
cn1_ψ[4,14,19], 1.0
cn1_ψ[4,14,20], 1.0
cn1_ψ[5,1,10], 1.0
cn1_ψ[5,1,16], 1.0
cn1_ψ[5,2,1], 1.0
cn1_ψ[5,2,7], 1.0
cn1_ψ[5,2,13], 1.0
cn1_ψ[5,2,17], 1.0
cn1_ψ[5,3,1], 1.0
cn1_ψ[5,3,2], 1.0
cn1_ψ[5,3,3], 1.0
cn1_ψ[5,3,4], 1.0
cn1_ψ[5,4,2], 1.0
cn1_ψ[5,4,5], 0.0
cn1_ψ[5,5,6], 1.0
cn1_ψ[5,5,11], 1.0
cn1_ψ[5,6,7], 1.0
cn1_ψ[5,6,8], 1.0
cn1_ψ[5,6,9], 1.0
cn1_ψ[5,6,18], 1.0
cn1_ψ[5,7,3], 1.0
cn1_ψ[5,7,6], 1.0
cn1_ψ[5,8,10], 1.0
cn1_ψ[5,8,11], 1.0
cn1_ψ[5,8,14], 1.0
cn1_ψ[5,8,19], 1.0
cn1_ψ[5,9,8], 1.0
cn1_ψ[5,9,12], 1.0
cn1_ψ[5,10,9], 1.0
cn1_ψ[5,10,12], 1.0
cn1_ψ[5,10,13], 1.0
cn1_ψ[5,10,14], 1.0
cn1_ψ[5,10,15], 1.0
cn1_ψ[5,11,4], 1.0
cn1_ψ[5,11,5], 0.0
cn1_ψ[5,11,16], 1.0
cn1_ψ[5,12,17], 1.0
cn1_ψ[5,12,18], 1.0
cn1_ψ[5,13,20], 1.0
cn1_ψ[5,14,15], 1.0
cn1_ψ[5,14,19], 1.0
cn1_ψ[5,14,20], 1.0
cn1_ψ[6,1,10], 1.0
cn1_ψ[6,1,16], 1.0
cn1_ψ[6,2,1], 1.0
cn1_ψ[6,2,7], 1.0
cn1_ψ[6,2,13], 1.0
cn1_ψ[6,2,17], 1.0
cn1_ψ[6,3,1], 1.0
cn1_ψ[6,3,2], 1.0
cn1_ψ[6,3,3], 1.0
cn1_ψ[6,3,4], 1.0
cn1_ψ[6,4,2], 1.0
cn1_ψ[6,4,5], 1.0
cn1_ψ[6,5,6], 0.0
cn1_ψ[6,5,11], 1.0
cn1_ψ[6,6,7], 1.0
cn1_ψ[6,6,8], 1.0
cn1_ψ[6,6,9], 1.0
cn1_ψ[6,6,18], 1.0
cn1_ψ[6,7,3], 1.0
cn1_ψ[6,7,6], 0.0
cn1_ψ[6,8,10], 1.0
cn1_ψ[6,8,11], 1.0
cn1_ψ[6,8,14], 1.0
cn1_ψ[6,8,19], 1.0
cn1_ψ[6,9,8], 1.0
cn1_ψ[6,9,12], 1.0
cn1_ψ[6,10,9], 1.0
cn1_ψ[6,10,12], 1.0
cn1_ψ[6,10,13], 1.0
cn1_ψ[6,10,14], 1.0
cn1_ψ[6,10,15], 1.0
cn1_ψ[6,11,4], 1.0
cn1_ψ[6,11,5], 1.0
cn1_ψ[6,11,16], 1.0
cn1_ψ[6,12,17], 1.0
cn1_ψ[6,12,18], 1.0
cn1_ψ[6,13,20], 1.0
cn1_ψ[6,14,15], 1.0
cn1_ψ[6,14,19], 1.0
cn1_ψ[6,14,20], 1.0
cn1_ψ[7,1,10], 1.0
cn1_ψ[7,1,16], 1.0
cn1_ψ[7,2,1], 1.0
cn1_ψ[7,2,7], 0.0
cn1_ψ[7,2,13], 1.0
cn1_ψ[7,2,17], 1.0
cn1_ψ[7,3,1], 1.0
cn1_ψ[7,3,2], 1.0
cn1_ψ[7,3,3], 1.0
cn1_ψ[7,3,4], 1.0
cn1_ψ[7,4,2], 1.0
cn1_ψ[7,4,5], 1.0
cn1_ψ[7,5,6], 1.0
cn1_ψ[7,5,11], 1.0
cn1_ψ[7,6,7], 0.0
cn1_ψ[7,6,8], 1.0
cn1_ψ[7,6,9], 1.0
cn1_ψ[7,6,18], 1.0
cn1_ψ[7,7,3], 1.0
cn1_ψ[7,7,6], 1.0
cn1_ψ[7,8,10], 1.0
cn1_ψ[7,8,11], 1.0
cn1_ψ[7,8,14], 1.0
cn1_ψ[7,8,19], 1.0
cn1_ψ[7,9,8], 1.0
cn1_ψ[7,9,12], 1.0
cn1_ψ[7,10,9], 1.0
cn1_ψ[7,10,12], 1.0
cn1_ψ[7,10,13], 1.0
cn1_ψ[7,10,14], 1.0
cn1_ψ[7,10,15], 1.0
cn1_ψ[7,11,4], 1.0
cn1_ψ[7,11,5], 1.0
cn1_ψ[7,11,16], 1.0
cn1_ψ[7,12,17], 1.0
cn1_ψ[7,12,18], 1.0
cn1_ψ[7,13,20], 1.0
cn1_ψ[7,14,15], 1.0
cn1_ψ[7,14,19], 1.0
cn1_ψ[7,14,20], 1.0
cn1_ψ[8,1,10], 1.0
cn1_ψ[8,1,16], 1.0
cn1_ψ[8,2,1], 1.0
cn1_ψ[8,2,7], 1.0
cn1_ψ[8,2,13], 1.0
cn1_ψ[8,2,17], 1.0
cn1_ψ[8,3,1], 1.0
cn1_ψ[8,3,2], 1.0
cn1_ψ[8,3,3], 1.0
cn1_ψ[8,3,4], 1.0
cn1_ψ[8,4,2], 1.0
cn1_ψ[8,4,5], 1.0
cn1_ψ[8,5,6], 1.0
cn1_ψ[8,5,11], 1.0
cn1_ψ[8,6,7], 1.0
cn1_ψ[8,6,8], 1.0
cn1_ψ[8,6,9], 0.0
cn1_ψ[8,6,18], 1.0
cn1_ψ[8,7,3], 1.0
cn1_ψ[8,7,6], 1.0
cn1_ψ[8,8,10], 1.0
cn1_ψ[8,8,11], 1.0
cn1_ψ[8,8,14], 1.0
cn1_ψ[8,8,19], 1.0
cn1_ψ[8,9,8], 1.0
cn1_ψ[8,9,12], 1.0
cn1_ψ[8,10,9], 0.0
cn1_ψ[8,10,12], 1.0
cn1_ψ[8,10,13], 1.0
cn1_ψ[8,10,14], 1.0
cn1_ψ[8,10,15], 1.0
cn1_ψ[8,11,4], 1.0
cn1_ψ[8,11,5], 1.0
cn1_ψ[8,11,16], 1.0
cn1_ψ[8,12,17], 1.0
cn1_ψ[8,12,18], 1.0
cn1_ψ[8,13,20], 1.0
cn1_ψ[8,14,15], 1.0
cn1_ψ[8,14,19], 1.0
cn1_ψ[8,14,20], 1.0
cn1_ψ[9,1,10], 0.0
cn1_ψ[9,1,16], 1.0
cn1_ψ[9,2,1], 1.0
cn1_ψ[9,2,7], 1.0
cn1_ψ[9,2,13], 1.0
cn1_ψ[9,2,17], 1.0
cn1_ψ[9,3,1], 1.0
cn1_ψ[9,3,2], 1.0
cn1_ψ[9,3,3], 1.0
cn1_ψ[9,3,4], 1.0
cn1_ψ[9,4,2], 1.0
cn1_ψ[9,4,5], 1.0
cn1_ψ[9,5,6], 1.0
cn1_ψ[9,5,11], 1.0
cn1_ψ[9,6,7], 1.0
cn1_ψ[9,6,8], 1.0
cn1_ψ[9,6,9], 1.0
cn1_ψ[9,6,18], 1.0
cn1_ψ[9,7,3], 1.0
cn1_ψ[9,7,6], 1.0
cn1_ψ[9,8,10], 0.0
cn1_ψ[9,8,11], 1.0
cn1_ψ[9,8,14], 1.0
cn1_ψ[9,8,19], 1.0
cn1_ψ[9,9,8], 1.0
cn1_ψ[9,9,12], 1.0
cn1_ψ[9,10,9], 1.0
cn1_ψ[9,10,12], 1.0
cn1_ψ[9,10,13], 1.0
cn1_ψ[9,10,14], 1.0
cn1_ψ[9,10,15], 1.0
cn1_ψ[9,11,4], 1.0
cn1_ψ[9,11,5], 1.0
cn1_ψ[9,11,16], 1.0
cn1_ψ[9,12,17], 1.0
cn1_ψ[9,12,18], 1.0
cn1_ψ[9,13,20], 1.0
cn1_ψ[9,14,15], 1.0
cn1_ψ[9,14,19], 1.0
cn1_ψ[9,14,20], 1.0
cn1_ψ[10,1,10], 1.0
cn1_ψ[10,1,16], 1.0
cn1_ψ[10,2,1], 1.0
cn1_ψ[10,2,7], 1.0
cn1_ψ[10,2,13], 1.0
cn1_ψ[10,2,17], 1.0
cn1_ψ[10,3,1], 1.0
cn1_ψ[10,3,2], 1.0
cn1_ψ[10,3,3], 1.0
cn1_ψ[10,3,4], 1.0
cn1_ψ[10,4,2], 1.0
cn1_ψ[10,4,5], 1.0
cn1_ψ[10,5,6], 1.0
cn1_ψ[10,5,11], 0.0
cn1_ψ[10,6,7], 1.0
cn1_ψ[10,6,8], 1.0
cn1_ψ[10,6,9], 1.0
cn1_ψ[10,6,18], 1.0
cn1_ψ[10,7,3], 1.0
cn1_ψ[10,7,6], 1.0
cn1_ψ[10,8,10], 1.0
cn1_ψ[10,8,11], 0.0
cn1_ψ[10,8,14], 1.0
cn1_ψ[10,8,19], 1.0
cn1_ψ[10,9,8], 1.0
cn1_ψ[10,9,12], 1.0
cn1_ψ[10,10,9], 1.0
cn1_ψ[10,10,12], 1.0
cn1_ψ[10,10,13], 1.0
cn1_ψ[10,10,14], 1.0
cn1_ψ[10,10,15], 1.0
cn1_ψ[10,11,4], 1.0
cn1_ψ[10,11,5], 1.0
cn1_ψ[10,11,16], 1.0
cn1_ψ[10,12,17], 1.0
cn1_ψ[10,12,18], 1.0
cn1_ψ[10,13,20], 1.0
cn1_ψ[10,14,15], 1.0
cn1_ψ[10,14,19], 1.0
cn1_ψ[10,14,20], 1.0
cn1_ψ[11,1,10], 1.0
cn1_ψ[11,1,16], 1.0
cn1_ψ[11,2,1], 1.0
cn1_ψ[11,2,7], 1.0
cn1_ψ[11,2,13], 1.0
cn1_ψ[11,2,17], 1.0
cn1_ψ[11,3,1], 1.0
cn1_ψ[11,3,2], 1.0
cn1_ψ[11,3,3], 1.0
cn1_ψ[11,3,4], 1.0
cn1_ψ[11,4,2], 1.0
cn1_ψ[11,4,5], 1.0
cn1_ψ[11,5,6], 1.0
cn1_ψ[11,5,11], 1.0
cn1_ψ[11,6,7], 1.0
cn1_ψ[11,6,8], 1.0
cn1_ψ[11,6,9], 1.0
cn1_ψ[11,6,18], 1.0
cn1_ψ[11,7,3], 1.0
cn1_ψ[11,7,6], 1.0
cn1_ψ[11,8,10], 1.0
cn1_ψ[11,8,11], 1.0
cn1_ψ[11,8,14], 1.0
cn1_ψ[11,8,19], 1.0
cn1_ψ[11,9,8], 1.0
cn1_ψ[11,9,12], 0.0
cn1_ψ[11,10,9], 1.0
cn1_ψ[11,10,12], 0.0
cn1_ψ[11,10,13], 1.0
cn1_ψ[11,10,14], 1.0
cn1_ψ[11,10,15], 1.0
cn1_ψ[11,11,4], 1.0
cn1_ψ[11,11,5], 1.0
cn1_ψ[11,11,16], 1.0
cn1_ψ[11,12,17], 1.0
cn1_ψ[11,12,18], 1.0
cn1_ψ[11,13,20], 1.0
cn1_ψ[11,14,15], 1.0
cn1_ψ[11,14,19], 1.0
cn1_ψ[11,14,20], 1.0
cn1_ψ[12,1,10], 1.0
cn1_ψ[12,1,16], 1.0
cn1_ψ[12,2,1], 1.0
cn1_ψ[12,2,7], 1.0
cn1_ψ[12,2,13], 0.0
cn1_ψ[12,2,17], 1.0
cn1_ψ[12,3,1], 1.0
cn1_ψ[12,3,2], 1.0
cn1_ψ[12,3,3], 1.0
cn1_ψ[12,3,4], 1.0
cn1_ψ[12,4,2], 1.0
cn1_ψ[12,4,5], 1.0
cn1_ψ[12,5,6], 1.0
cn1_ψ[12,5,11], 1.0
cn1_ψ[12,6,7], 1.0
cn1_ψ[12,6,8], 1.0
cn1_ψ[12,6,9], 1.0
cn1_ψ[12,6,18], 1.0
cn1_ψ[12,7,3], 1.0
cn1_ψ[12,7,6], 1.0
cn1_ψ[12,8,10], 1.0
cn1_ψ[12,8,11], 1.0
cn1_ψ[12,8,14], 1.0
cn1_ψ[12,8,19], 1.0
cn1_ψ[12,9,8], 1.0
cn1_ψ[12,9,12], 1.0
cn1_ψ[12,10,9], 1.0
cn1_ψ[12,10,12], 1.0
cn1_ψ[12,10,13], 0.0
cn1_ψ[12,10,14], 1.0
cn1_ψ[12,10,15], 1.0
cn1_ψ[12,11,4], 1.0
cn1_ψ[12,11,5], 1.0
cn1_ψ[12,11,16], 1.0
cn1_ψ[12,12,17], 1.0
cn1_ψ[12,12,18], 1.0
cn1_ψ[12,13,20], 1.0
cn1_ψ[12,14,15], 1.0
cn1_ψ[12,14,19], 1.0
cn1_ψ[12,14,20], 1.0
cn1_ψ[13,1,10], 1.0
cn1_ψ[13,1,16], 1.0
cn1_ψ[13,2,1], 1.0
cn1_ψ[13,2,7], 1.0
cn1_ψ[13,2,13], 1.0
cn1_ψ[13,2,17], 1.0
cn1_ψ[13,3,1], 1.0
cn1_ψ[13,3,2], 1.0
cn1_ψ[13,3,3], 1.0
cn1_ψ[13,3,4], 1.0
cn1_ψ[13,4,2], 1.0
cn1_ψ[13,4,5], 1.0
cn1_ψ[13,5,6], 1.0
cn1_ψ[13,5,11], 1.0
cn1_ψ[13,6,7], 1.0
cn1_ψ[13,6,8], 1.0
cn1_ψ[13,6,9], 1.0
cn1_ψ[13,6,18], 1.0
cn1_ψ[13,7,3], 1.0
cn1_ψ[13,7,6], 1.0
cn1_ψ[13,8,10], 1.0
cn1_ψ[13,8,11], 1.0
cn1_ψ[13,8,14], 0.0
cn1_ψ[13,8,19], 1.0
cn1_ψ[13,9,8], 1.0
cn1_ψ[13,9,12], 1.0
cn1_ψ[13,10,9], 1.0
cn1_ψ[13,10,12], 1.0
cn1_ψ[13,10,13], 1.0
cn1_ψ[13,10,14], 0.0
cn1_ψ[13,10,15], 1.0
cn1_ψ[13,11,4], 1.0
cn1_ψ[13,11,5], 1.0
cn1_ψ[13,11,16], 1.0
cn1_ψ[13,12,17], 1.0
cn1_ψ[13,12,18], 1.0
cn1_ψ[13,13,20], 1.0
cn1_ψ[13,14,15], 1.0
cn1_ψ[13,14,19], 1.0
cn1_ψ[13,14,20], 1.0
cn1_ψ[14,1,10], 1.0
cn1_ψ[14,1,16], 1.0
cn1_ψ[14,2,1], 1.0
cn1_ψ[14,2,7], 1.0
cn1_ψ[14,2,13], 1.0
cn1_ψ[14,2,17], 1.0
cn1_ψ[14,3,1], 1.0
cn1_ψ[14,3,2], 1.0
cn1_ψ[14,3,3], 1.0
cn1_ψ[14,3,4], 1.0
cn1_ψ[14,4,2], 1.0
cn1_ψ[14,4,5], 1.0
cn1_ψ[14,5,6], 1.0
cn1_ψ[14,5,11], 1.0
cn1_ψ[14,6,7], 1.0
cn1_ψ[14,6,8], 1.0
cn1_ψ[14,6,9], 1.0
cn1_ψ[14,6,18], 1.0
cn1_ψ[14,7,3], 1.0
cn1_ψ[14,7,6], 1.0
cn1_ψ[14,8,10], 1.0
cn1_ψ[14,8,11], 1.0
cn1_ψ[14,8,14], 1.0
cn1_ψ[14,8,19], 1.0
cn1_ψ[14,9,8], 1.0
cn1_ψ[14,9,12], 1.0
cn1_ψ[14,10,9], 1.0
cn1_ψ[14,10,12], 1.0
cn1_ψ[14,10,13], 1.0
cn1_ψ[14,10,14], 1.0
cn1_ψ[14,10,15], 0.0
cn1_ψ[14,11,4], 1.0
cn1_ψ[14,11,5], 1.0
cn1_ψ[14,11,16], 1.0
cn1_ψ[14,12,17], 1.0
cn1_ψ[14,12,18], 1.0
cn1_ψ[14,13,20], 1.0
cn1_ψ[14,14,15], 0.0
cn1_ψ[14,14,19], 1.0
cn1_ψ[14,14,20], 1.0
cn1_ψ[15,1,10], 1.0
cn1_ψ[15,1,16], 0.0
cn1_ψ[15,2,1], 1.0
cn1_ψ[15,2,7], 1.0
cn1_ψ[15,2,13], 1.0
cn1_ψ[15,2,17], 1.0
cn1_ψ[15,3,1], 1.0
cn1_ψ[15,3,2], 1.0
cn1_ψ[15,3,3], 1.0
cn1_ψ[15,3,4], 1.0
cn1_ψ[15,4,2], 1.0
cn1_ψ[15,4,5], 1.0
cn1_ψ[15,5,6], 1.0
cn1_ψ[15,5,11], 1.0
cn1_ψ[15,6,7], 1.0
cn1_ψ[15,6,8], 1.0
cn1_ψ[15,6,9], 1.0
cn1_ψ[15,6,18], 1.0
cn1_ψ[15,7,3], 1.0
cn1_ψ[15,7,6], 1.0
cn1_ψ[15,8,10], 1.0
cn1_ψ[15,8,11], 1.0
cn1_ψ[15,8,14], 1.0
cn1_ψ[15,8,19], 1.0
cn1_ψ[15,9,8], 1.0
cn1_ψ[15,9,12], 1.0
cn1_ψ[15,10,9], 1.0
cn1_ψ[15,10,12], 1.0
cn1_ψ[15,10,13], 1.0
cn1_ψ[15,10,14], 1.0
cn1_ψ[15,10,15], 1.0
cn1_ψ[15,11,4], 1.0
cn1_ψ[15,11,5], 1.0
cn1_ψ[15,11,16], 0.0
cn1_ψ[15,12,17], 1.0
cn1_ψ[15,12,18], 1.0
cn1_ψ[15,13,20], 1.0
cn1_ψ[15,14,15], 1.0
cn1_ψ[15,14,19], 1.0
cn1_ψ[15,14,20], 1.0
cn1_ψ[16,1,10], 1.0
cn1_ψ[16,1,16], 1.0
cn1_ψ[16,2,1], 1.0
cn1_ψ[16,2,7], 1.0
cn1_ψ[16,2,13], 1.0
cn1_ψ[16,2,17], 1.0
cn1_ψ[16,3,1], 1.0
cn1_ψ[16,3,2], 1.0
cn1_ψ[16,3,3], 1.0
cn1_ψ[16,3,4], 1.0
cn1_ψ[16,4,2], 1.0
cn1_ψ[16,4,5], 1.0
cn1_ψ[16,5,6], 1.0
cn1_ψ[16,5,11], 1.0
cn1_ψ[16,6,7], 1.0
cn1_ψ[16,6,8], 1.0
cn1_ψ[16,6,9], 1.0
cn1_ψ[16,6,18], 0.0
cn1_ψ[16,7,3], 1.0
cn1_ψ[16,7,6], 1.0
cn1_ψ[16,8,10], 1.0
cn1_ψ[16,8,11], 1.0
cn1_ψ[16,8,14], 1.0
cn1_ψ[16,8,19], 1.0
cn1_ψ[16,9,8], 1.0
cn1_ψ[16,9,12], 1.0
cn1_ψ[16,10,9], 1.0
cn1_ψ[16,10,12], 1.0
cn1_ψ[16,10,13], 1.0
cn1_ψ[16,10,14], 1.0
cn1_ψ[16,10,15], 1.0
cn1_ψ[16,11,4], 1.0
cn1_ψ[16,11,5], 1.0
cn1_ψ[16,11,16], 1.0
cn1_ψ[16,12,17], 1.0
cn1_ψ[16,12,18], 0.0
cn1_ψ[16,13,20], 1.0
cn1_ψ[16,14,15], 1.0
cn1_ψ[16,14,19], 1.0
cn1_ψ[16,14,20], 1.0
cn1_ψ[17,1,10], 1.0
cn1_ψ[17,1,16], 1.0
cn1_ψ[17,2,1], 1.0
cn1_ψ[17,2,7], 1.0
cn1_ψ[17,2,13], 1.0
cn1_ψ[17,2,17], 1.0
cn1_ψ[17,3,1], 1.0
cn1_ψ[17,3,2], 1.0
cn1_ψ[17,3,3], 1.0
cn1_ψ[17,3,4], 1.0
cn1_ψ[17,4,2], 1.0
cn1_ψ[17,4,5], 1.0
cn1_ψ[17,5,6], 1.0
cn1_ψ[17,5,11], 1.0
cn1_ψ[17,6,7], 1.0
cn1_ψ[17,6,8], 1.0
cn1_ψ[17,6,9], 1.0
cn1_ψ[17,6,18], 1.0
cn1_ψ[17,7,3], 1.0
cn1_ψ[17,7,6], 1.0
cn1_ψ[17,8,10], 1.0
cn1_ψ[17,8,11], 1.0
cn1_ψ[17,8,14], 1.0
cn1_ψ[17,8,19], 0.0
cn1_ψ[17,9,8], 1.0
cn1_ψ[17,9,12], 1.0
cn1_ψ[17,10,9], 1.0
cn1_ψ[17,10,12], 1.0
cn1_ψ[17,10,13], 1.0
cn1_ψ[17,10,14], 1.0
cn1_ψ[17,10,15], 1.0
cn1_ψ[17,11,4], 1.0
cn1_ψ[17,11,5], 1.0
cn1_ψ[17,11,16], 1.0
cn1_ψ[17,12,17], 1.0
cn1_ψ[17,12,18], 1.0
cn1_ψ[17,13,20], 1.0
cn1_ψ[17,14,15], 1.0
cn1_ψ[17,14,19], 0.0
cn1_ψ[17,14,20], 1.0
cn1_ψ[18,1,10], 1.0
cn1_ψ[18,1,16], 1.0
cn1_ψ[18,2,1], 1.0
cn1_ψ[18,2,7], 1.0
cn1_ψ[18,2,13], 1.0
cn1_ψ[18,2,17], 1.0
cn1_ψ[18,3,1], 1.0
cn1_ψ[18,3,2], 1.0
cn1_ψ[18,3,3], 1.0
cn1_ψ[18,3,4], 1.0
cn1_ψ[18,4,2], 1.0
cn1_ψ[18,4,5], 1.0
cn1_ψ[18,5,6], 1.0
cn1_ψ[18,5,11], 1.0
cn1_ψ[18,6,7], 1.0
cn1_ψ[18,6,8], 1.0
cn1_ψ[18,6,9], 1.0
cn1_ψ[18,6,18], 1.0
cn1_ψ[18,7,3], 1.0
cn1_ψ[18,7,6], 1.0
cn1_ψ[18,8,10], 1.0
cn1_ψ[18,8,11], 1.0
cn1_ψ[18,8,14], 1.0
cn1_ψ[18,8,19], 1.0
cn1_ψ[18,9,8], 1.0
cn1_ψ[18,9,12], 1.0
cn1_ψ[18,10,9], 1.0
cn1_ψ[18,10,12], 1.0
cn1_ψ[18,10,13], 1.0
cn1_ψ[18,10,14], 1.0
cn1_ψ[18,10,15], 1.0
cn1_ψ[18,11,4], 1.0
cn1_ψ[18,11,5], 1.0
cn1_ψ[18,11,16], 1.0
cn1_ψ[18,12,17], 1.0
cn1_ψ[18,12,18], 1.0
cn1_ψ[18,13,20], 0.0
cn1_ψ[18,14,15], 1.0
cn1_ψ[18,14,19], 1.0
cn1_ψ[18,14,20], 0.0
πbus[1,1], 1.0
πbus[2,1], 1.0
πbus[3,1], 1.0
πbus[4,1], 1.0
πbus[5,1], 1.0
πbus[6,1], 1.0
πbus[7,1], 1.0
πbus[8,1], 1.0
πbus[9,1], 1.0
πbus[10,1], 1.0
πbus[11,1], 1.0
πbus[12,1], 1.0
πbus[13,1], 1.0
πbus[14,1], 1.0
πbus[15,1], 1.0
πbus[16,1], 1.0
πbus[17,1], 1.0
πbus[18,1], 1.0
πbus[1,2], 1.0
πbus[2,2], 1.0
πbus[3,2], 1.0
πbus[4,2], 1.0
πbus[5,2], 1.0
πbus[6,2], 1.0
πbus[7,2], 1.0
πbus[8,2], 1.0
πbus[9,2], 1.0
πbus[10,2], 1.0
πbus[11,2], 1.0
πbus[12,2], 1.0
πbus[13,2], 1.0
πbus[14,2], 1.0
πbus[15,2], 1.0
πbus[16,2], 1.0
πbus[17,2], 1.0
πbus[18,2], 1.0
πbus[1,3], 1.0
πbus[2,3], 1.0
πbus[3,3], 1.0
πbus[4,3], 1.0
πbus[5,3], 1.0
πbus[6,3], 1.0
πbus[7,3], 1.0
πbus[8,3], 1.0
πbus[9,3], 1.0
πbus[10,3], 1.0
πbus[11,3], 1.0
πbus[12,3], 1.0
πbus[13,3], 1.0
πbus[14,3], 1.0
πbus[15,3], 1.0
πbus[16,3], 1.0
πbus[17,3], 1.0
πbus[18,3], 1.0
πbus[1,4], 1.0
πbus[2,4], 1.0
πbus[3,4], 1.0
πbus[4,4], 1.0
πbus[5,4], 1.0
πbus[6,4], 1.0
πbus[7,4], 1.0
πbus[8,4], 1.0
πbus[9,4], 1.0
πbus[10,4], 1.0
πbus[11,4], 1.0
πbus[12,4], 1.0
πbus[13,4], 1.0
πbus[14,4], 1.0
πbus[15,4], 1.0
πbus[16,4], 1.0
πbus[17,4], 1.0
πbus[18,4], 1.0
πbus[1,5], 1.0
πbus[2,5], 1.0
πbus[3,5], 1.0
πbus[4,5], 1.0
πbus[5,5], 1.0
πbus[6,5], 1.0
πbus[7,5], 1.0
πbus[8,5], 1.0
πbus[9,5], 1.0
πbus[10,5], 1.0
πbus[11,5], 1.0
πbus[12,5], 1.0
πbus[13,5], 1.0
πbus[14,5], 1.0
πbus[15,5], 1.0
πbus[16,5], 1.0
πbus[17,5], 1.0
πbus[18,5], 1.0
πbus[1,6], 1.0
πbus[2,6], 1.0
πbus[3,6], 1.0
πbus[4,6], 1.0
πbus[5,6], 1.0
πbus[6,6], 1.0
πbus[7,6], 1.0
πbus[8,6], 1.0
πbus[9,6], 1.0
πbus[10,6], 1.0
πbus[11,6], 1.0
πbus[12,6], 1.0
πbus[13,6], 1.0
πbus[14,6], 1.0
πbus[15,6], 1.0
πbus[16,6], 1.0
πbus[17,6], 1.0
πbus[18,6], 1.0
πbus[1,7], 1.0
πbus[2,7], 1.0
πbus[3,7], 1.0
πbus[4,7], 1.0
πbus[5,7], 1.0
πbus[6,7], 1.0
πbus[7,7], 1.0
πbus[8,7], 1.0
πbus[9,7], 1.0
πbus[10,7], 1.0
πbus[11,7], 1.0
πbus[12,7], 1.0
πbus[13,7], 1.0
πbus[14,7], 1.0
πbus[15,7], 1.0
πbus[16,7], 1.0
πbus[17,7], 1.0
πbus[18,7], 1.0
πbus[1,8], 1.0
πbus[2,8], 1.0
πbus[3,8], 1.0
πbus[4,8], 1.0
πbus[5,8], 1.0
πbus[6,8], 1.0
πbus[7,8], 1.0
πbus[8,8], 1.0
πbus[9,8], 1.0
πbus[10,8], 1.0
πbus[11,8], 1.0
πbus[12,8], 1.0
πbus[13,8], 1.0
πbus[14,8], 1.0
πbus[15,8], 1.0
πbus[16,8], 1.0
πbus[17,8], 1.0
πbus[18,8], 1.0
πbus[1,9], 1.0
πbus[2,9], 1.0
πbus[3,9], 1.0
πbus[4,9], 1.0
πbus[5,9], 1.0
πbus[6,9], 1.0
πbus[7,9], 1.0
πbus[8,9], 1.0
πbus[9,9], 1.0
πbus[10,9], 1.0
πbus[11,9], 1.0
πbus[12,9], 1.0
πbus[13,9], 1.0
πbus[14,9], 1.0
πbus[15,9], 1.0
πbus[16,9], 1.0
πbus[17,9], 1.0
πbus[18,9], 1.0
πbus[1,10], 1.0
πbus[2,10], 1.0
πbus[3,10], 1.0
πbus[4,10], 1.0
πbus[5,10], 1.0
πbus[6,10], 1.0
πbus[7,10], 1.0
πbus[8,10], 1.0
πbus[9,10], 1.0
πbus[10,10], 1.0
πbus[11,10], 1.0
πbus[12,10], 1.0
πbus[13,10], 1.0
πbus[14,10], 1.0
πbus[15,10], 1.0
πbus[16,10], 1.0
πbus[17,10], 1.0
πbus[18,10], 1.0
πbus[1,11], 1.0
πbus[2,11], 1.0
πbus[3,11], 1.0
πbus[4,11], 1.0
πbus[5,11], 1.0
πbus[6,11], 1.0
πbus[7,11], 1.0
πbus[8,11], 1.0
πbus[9,11], 1.0
πbus[10,11], 1.0
πbus[11,11], 1.0
πbus[12,11], 1.0
πbus[13,11], 1.0
πbus[14,11], 1.0
πbus[15,11], 1.0
πbus[16,11], 1.0
πbus[17,11], 1.0
πbus[18,11], 1.0
πbus[1,12], 1.0
πbus[2,12], 1.0
πbus[3,12], 1.0
πbus[4,12], 1.0
πbus[5,12], 1.0
πbus[6,12], 1.0
πbus[7,12], 1.0
πbus[8,12], 1.0
πbus[9,12], 1.0
πbus[10,12], 1.0
πbus[11,12], 1.0
πbus[12,12], 1.0
πbus[13,12], 1.0
πbus[14,12], 1.0
πbus[15,12], 1.0
πbus[16,12], 1.0
πbus[17,12], 1.0
πbus[18,12], 1.0
πbus[1,13], 1.0
πbus[2,13], 1.0
πbus[3,13], 1.0
πbus[4,13], 1.0
πbus[5,13], 1.0
πbus[6,13], 1.0
πbus[7,13], 1.0
πbus[8,13], 1.0
πbus[9,13], 1.0
πbus[10,13], 1.0
πbus[11,13], 1.0
πbus[12,13], 1.0
πbus[13,13], 1.0
πbus[14,13], 1.0
πbus[15,13], 1.0
πbus[16,13], 1.0
πbus[17,13], 1.0
πbus[18,13], 0.0
πbus[1,14], 1.0
πbus[2,14], 1.0
πbus[3,14], 1.0
πbus[4,14], 1.0
πbus[5,14], 1.0
πbus[6,14], 1.0
πbus[7,14], 1.0
πbus[8,14], 1.0
πbus[9,14], 1.0
πbus[10,14], 1.0
πbus[11,14], 1.0
πbus[12,14], 1.0
πbus[13,14], 1.0
πbus[14,14], 1.0
πbus[15,14], 1.0
πbus[16,14], 1.0
πbus[17,14], 1.0
πbus[18,14], 1.0
scaledgen[1,1], 0.0
scaledgen[2,1], 0.0
scaledgen[3,1], 0.0
scaledgen[4,1], 0.0
scaledgen[5,1], 0.0
scaledgen[6,1], 0.0
scaledgen[7,1], 0.0
scaledgen[8,1], 0.0
scaledgen[9,1], 0.0
scaledgen[10,1], 0.0
scaledgen[11,1], 0.0
scaledgen[12,1], 0.0
scaledgen[13,1], 0.0
scaledgen[14,1], 0.0
scaledgen[15,1], 0.0
scaledgen[16,1], 0.0
scaledgen[17,1], 0.0
scaledgen[18,1], 0.0
scaledgen[1,2], 0.0
scaledgen[2,2], 0.0
scaledgen[3,2], 0.0
scaledgen[4,2], 0.0
scaledgen[5,2], 0.0
scaledgen[6,2], 0.0
scaledgen[7,2], 0.0
scaledgen[8,2], 0.0
scaledgen[9,2], 0.0
scaledgen[10,2], 0.0
scaledgen[11,2], 0.0
scaledgen[12,2], 0.0
scaledgen[13,2], 0.0
scaledgen[14,2], 0.0
scaledgen[15,2], 0.0
scaledgen[16,2], 0.0
scaledgen[17,2], 0.0
scaledgen[18,2], 0.0
scaledgen[1,3], 0.0
scaledgen[2,3], 0.0
scaledgen[3,3], 0.0
scaledgen[4,3], 0.0
scaledgen[5,3], 0.0
scaledgen[6,3], 0.0
scaledgen[7,3], 0.0
scaledgen[8,3], 0.0
scaledgen[9,3], 0.0
scaledgen[10,3], 0.0
scaledgen[11,3], 0.0
scaledgen[12,3], 0.0
scaledgen[13,3], 0.0
scaledgen[14,3], 0.0
scaledgen[15,3], 0.0
scaledgen[16,3], 0.0
scaledgen[17,3], 0.0
scaledgen[18,3], 0.0
scaledgen[1,4], 0.0
scaledgen[2,4], 0.0
scaledgen[3,4], 0.0
scaledgen[4,4], 0.0
scaledgen[5,4], 0.0
scaledgen[6,4], 0.0
scaledgen[7,4], 0.0
scaledgen[8,4], 0.0
scaledgen[9,4], 0.0
scaledgen[10,4], 0.0
scaledgen[11,4], 0.0
scaledgen[12,4], 0.0
scaledgen[13,4], 0.0
scaledgen[14,4], 0.0
scaledgen[15,4], 0.0
scaledgen[16,4], 0.0
scaledgen[17,4], 0.0
scaledgen[18,4], 0.0
scaledgen[1,5], 0.0
scaledgen[2,5], 0.0
scaledgen[3,5], 0.0
scaledgen[4,5], 0.0
scaledgen[5,5], 0.0
scaledgen[6,5], 0.0
scaledgen[7,5], 0.0
scaledgen[8,5], 0.0
scaledgen[9,5], 0.0
scaledgen[10,5], 0.0
scaledgen[11,5], 0.0
scaledgen[12,5], 0.0
scaledgen[13,5], 0.0
scaledgen[14,5], 0.0
scaledgen[15,5], 0.0
scaledgen[16,5], 0.0
scaledgen[17,5], 0.0
scaledgen[18,5], 0.0
scaledgen[1,6], 0.17183333333333303
scaledgen[2,6], 0.171833333333333
scaledgen[3,6], 0.17183333333333303
scaledgen[4,6], 0.17183333333333303
scaledgen[5,6], 0.17183333333333303
scaledgen[6,6], 0.17183333333333303
scaledgen[7,6], 0.17183333333333303
scaledgen[8,6], 0.17183333333333303
scaledgen[9,6], 0.17183333333333303
scaledgen[10,6], 0.17183333333333303
scaledgen[11,6], 0.17183333333333303
scaledgen[12,6], 0.17183333333333303
scaledgen[13,6], 0.17183333333333303
scaledgen[14,6], 0.17183333333333303
scaledgen[15,6], 0.17183333333333317
scaledgen[16,6], 0.17183333333333303
scaledgen[17,6], 0.17183333333333303
scaledgen[18,6], 0.1718333333333332
scaledgen[1,7], 0.0
scaledgen[2,7], 0.0
scaledgen[3,7], 0.0
scaledgen[4,7], 0.0
scaledgen[5,7], 0.0
scaledgen[6,7], 0.0
scaledgen[7,7], 0.0
scaledgen[8,7], 0.0
scaledgen[9,7], 0.0
scaledgen[10,7], 0.0
scaledgen[11,7], 0.0
scaledgen[12,7], 0.0
scaledgen[13,7], 0.0
scaledgen[14,7], 0.0
scaledgen[15,7], 0.0
scaledgen[16,7], 0.0
scaledgen[17,7], 0.0
scaledgen[18,7], 0.0
scaledgen[1,8], 0.0
scaledgen[2,8], 0.0
scaledgen[3,8], 0.0
scaledgen[4,8], 0.0
scaledgen[5,8], 0.0
scaledgen[6,8], 0.0
scaledgen[7,8], 0.0
scaledgen[8,8], 0.0
scaledgen[9,8], 0.0
scaledgen[10,8], 0.0
scaledgen[11,8], 0.0
scaledgen[12,8], 0.0
scaledgen[13,8], 0.0
scaledgen[14,8], 0.0
scaledgen[15,8], 0.0
scaledgen[16,8], 0.0
scaledgen[17,8], 0.0
scaledgen[18,8], 0.0
scaledgen[1,9], 0.0
scaledgen[2,9], 0.0
scaledgen[3,9], 0.0
scaledgen[4,9], 0.0
scaledgen[5,9], 0.0
scaledgen[6,9], 0.0
scaledgen[7,9], 0.0
scaledgen[8,9], 0.0
scaledgen[9,9], 0.0
scaledgen[10,9], 0.0
scaledgen[11,9], 0.0
scaledgen[12,9], 0.0
scaledgen[13,9], 0.0
scaledgen[14,9], 0.0
scaledgen[15,9], 0.0
scaledgen[16,9], 0.0
scaledgen[17,9], 0.0
scaledgen[18,9], 0.0
scaledgen[1,10], 0.0
scaledgen[2,10], 0.0
scaledgen[3,10], 0.0
scaledgen[4,10], 0.0
scaledgen[5,10], 0.0
scaledgen[6,10], 0.0
scaledgen[7,10], 0.0
scaledgen[8,10], 0.0
scaledgen[9,10], 0.0
scaledgen[10,10], 0.0
scaledgen[11,10], 0.0
scaledgen[12,10], 0.0
scaledgen[13,10], 0.0
scaledgen[14,10], 0.0
scaledgen[15,10], 0.0
scaledgen[16,10], 0.0
scaledgen[17,10], 0.0
scaledgen[18,10], 0.0
scaledgen[1,11], 0.0
scaledgen[2,11], 0.0
scaledgen[3,11], 0.0
scaledgen[4,11], 0.0
scaledgen[5,11], 0.0
scaledgen[6,11], 0.0
scaledgen[7,11], 0.0
scaledgen[8,11], 0.0
scaledgen[9,11], 0.0
scaledgen[10,11], 0.0
scaledgen[11,11], 0.0
scaledgen[12,11], 0.0
scaledgen[13,11], 0.0
scaledgen[14,11], 0.0
scaledgen[15,11], 0.0
scaledgen[16,11], 0.0
scaledgen[17,11], 0.0
scaledgen[18,11], 0.0
scaledgen[1,12], 2.3128333333333293
scaledgen[2,12], 2.312833333333329
scaledgen[3,12], 2.3128333333333293
scaledgen[4,12], 2.3128333333333293
scaledgen[5,12], 2.3128333333333293
scaledgen[6,12], 2.3128333333333293
scaledgen[7,12], 2.3128333333333293
scaledgen[8,12], 2.3128333333333293
scaledgen[9,12], 2.3128333333333293
scaledgen[10,12], 2.3128333333333293
scaledgen[11,12], 2.3128333333333293
scaledgen[12,12], 2.3128333333333293
scaledgen[13,12], 2.3128333333333293
scaledgen[14,12], 2.3128333333333293
scaledgen[15,12], 2.312833333333331
scaledgen[16,12], 2.3128333333333293
scaledgen[17,12], 2.3128333333333293
scaledgen[18,12], 2.3128333333333315
scaledgen[1,13], 0.0
scaledgen[2,13], 0.0
scaledgen[3,13], 0.0
scaledgen[4,13], 0.0
scaledgen[5,13], 0.0
scaledgen[6,13], 0.0
scaledgen[7,13], 0.0
scaledgen[8,13], 0.0
scaledgen[9,13], 0.0
scaledgen[10,13], 0.0
scaledgen[11,13], 0.0
scaledgen[12,13], 0.0
scaledgen[13,13], 0.0
scaledgen[14,13], 0.0
scaledgen[15,13], 0.0
scaledgen[16,13], 0.0
scaledgen[17,13], 0.0
scaledgen[18,13], 0.0
scaledgen[1,14], 0.0
scaledgen[2,14], 0.0
scaledgen[3,14], 0.0
scaledgen[4,14], 0.0
scaledgen[5,14], 0.0
scaledgen[6,14], 0.0
scaledgen[7,14], 0.0
scaledgen[8,14], 0.0
scaledgen[9,14], 0.0
scaledgen[10,14], 0.0
scaledgen[11,14], 0.0
scaledgen[12,14], 0.0
scaledgen[13,14], 0.0
scaledgen[14,14], 0.0
scaledgen[15,14], 0.0
scaledgen[16,14], 0.0
scaledgen[17,14], 0.0
scaledgen[18,14], 0.0
σ[1], 1.0
σ[2], 1.0
σ[3], 1.0
σ[4], 1.0
σ[5], 1.0
σ[6], 1.0
σ[7], 1.0
σ[8], 1.0
σ[9], 1.0
σ[10], 1.0
σ[11], 1.0
σ[12], 1.0
σ[13], 1.0
σ[14], 1.0
σ[15], 1.0
σ[16], 1.0
σ[17], 1.0
σ[18], 1.0
